r,m,nu,rho,P
0.0000e+00,0.0000e+00,-1.6725e+00,3.1580e-03,1.4277e-03
3.7500e-03,6.9757e-10,-1.6725e+00,3.1580e-03,1.4277e-03
7.5000e-03,5.5807e-09,-1.6725e+00,3.1580e-03,1.4277e-03
1.1250e-02,1.8835e-08,-1.6725e+00,3.1580e-03,1.4277e-03
1.5000e-02,4.4646e-08,-1.6725e+00,3.1580e-03,1.4277e-03
1.8750e-02,8.7198e-08,-1.6725e+00,3.1580e-03,1.4277e-03
2.2500e-02,1.5068e-07,-1.6725e+00,3.1580e-03,1.4277e-03
2.6250e-02,2.3927e-07,-1.6725e+00,3.1580e-03,1.4277e-03
3.0000e-02,3.5716e-07,-1.6725e+00,3.1580e-03,1.4277e-03
3.3750e-02,5.0854e-07,-1.6725e+00,3.1580e-03,1.4276e-03
3.7500e-02,6.9758e-07,-1.6725e+00,3.1579e-03,1.4276e-03
4.1250e-02,9.2847e-07,-1.6725e+00,3.1579e-03,1.4276e-03
4.5000e-02,1.2054e-06,-1.6725e+00,3.1579e-03,1.4276e-03
4.8750e-02,1.5326e-06,-1.6724e+00,3.1579e-03,1.4275e-03
5.2500e-02,1.9141e-06,-1.6724e+00,3.1578e-03,1.4275e-03
5.6250e-02,2.3543e-06,-1.6724e+00,3.1578e-03,1.4275e-03
6.0000e-02,2.8572e-06,-1.6724e+00,3.1578e-03,1.4275e-03
6.3750e-02,3.4271e-06,-1.6724e+00,3.1578e-03,1.4274e-03
6.7500e-02,4.0681e-06,-1.6724e+00,3.1577e-03,1.4274e-03
7.1250e-02,4.7844e-06,-1.6724e+00,3.1577e-03,1.4274e-03
7.5000e-02,5.5803e-06,-1.6723e+00,3.1576e-03,1.4273e-03
7.8750e-02,6.4598e-06,-1.6723e+00,3.1576e-03,1.4273e-03
8.2500e-02,7.4273e-06,-1.6723e+00,3.1576e-03,1.4272e-03
8.6250e-02,8.4867e-06,-1.6723e+00,3.1575e-03,1.4272e-03
9.0000e-02,9.6424e-06,-1.6723e+00,3.1575e-03,1.4271e-03
9.3750e-02,1.0899e-05,-1.6722e+00,3.1574e-03,1.4271e-03
9.7500e-02,1.2259e-05,-1.6722e+00,3.1574e-03,1.4270e-03
1.0125e-01,1.3729e-05,-1.6722e+00,3.1573e-03,1.4270e-03
1.0500e-01,1.5311e-05,-1.6722e+00,3.1573e-03,1.4269e-03
1.0875e-01,1.7011e-05,-1.6721e+00,3.1572e-03,1.4269e-03
1.1250e-01,1.8832e-05,-1.6721e+00,3.1572e-03,1.4268e-03
1.1625e-01,2.0778e-05,-1.6721e+00,3.1571e-03,1.4267e-03
1.2000e-01,2.2854e-05,-1.6721e+00,3.1570e-03,1.4267e-03
1.2375e-01,2.5064e-05,-1.6720e+00,3.1570e-03,1.4266e-03
1.2750e-01,2.7412e-05,-1.6720e+00,3.1569e-03,1.4266e-03
1.3125e-01,2.9902e-05,-1.6720e+00,3.1568e-03,1.4265e-03
1.3500e-01,3.2539e-05,-1.6719e+00,3.1568e-03,1.4264e-03
1.3875e-01,3.5326e-05,-1.6719e+00,3.1567e-03,1.4263e-03
1.4250e-01,3.8268e-05,-1.6719e+00,3.1566e-03,1.4263e-03
1.4625e-01,4.1369e-05,-1.6718e+00,3.1566e-03,1.4262e-03
1.5000e-01,4.4632e-05,-1.6718e+00,3.1565e-03,1.4261e-03
1.5375e-01,4.8064e-05,-1.6718e+00,3.1564e-03,1.4260e-03
1.5750e-01,5.1666e-05,-1.6717e+00,3.1563e-03,1.4259e-03
1.6125e-01,5.5444e-05,-1.6717e+00,3.1562e-03,1.4259e-03
1.6500e-01,5.9402e-05,-1.6717e+00,3.1561e-03,1.4258e-03
1.6875e-01,6.3544e-05,-1.6716e+00,3.1561e-03,1.4257e-03
1.7250e-01,6.7874e-05,-1.6716e+00,3.1560e-03,1.4256e-03
1.7625e-01,7.2396e-05,-1.6715e+00,3.1559e-03,1.4255e-03
1.8000e-01,7.7115e-05,-1.6715e+00,3.1558e-03,1.4254e-03
1.8375e-01,8.2034e-05,-1.6715e+00,3.1557e-03,1.4253e-03
1.8750e-01,8.7158e-05,-1.6714e+00,3.1556e-03,1.4252e-03
1.9125e-01,9.2491e-05,-1.6714e+00,3.1555e-03,1.4251e-03
1.9500e-01,9.8037e-05,-1.6713e+00,3.1554e-03,1.4250e-03
1.9875e-01,1.0380e-04,-1.6713e+00,3.1553e-03,1.4249e-03
2.0250e-01,1.0979e-04,-1.6712e+00,3.1552e-03,1.4248e-03
2.0625e-01,1.1600e-04,-1.6712e+00,3.1551e-03,1.4247e-03
2.1000e-01,1.2244e-04,-1.6711e+00,3.1550e-03,1.4246e-03
2.1375e-01,1.2911e-04,-1.6711e+00,3.1549e-03,1.4245e-03
2.1750e-01,1.3602e-04,-1.6710e+00,3.1548e-03,1.4243e-03
2.2125e-01,1.4318e-04,-1.6710e+00,3.1546e-03,1.4242e-03
2.2500e-01,1.5058e-04,-1.6709e+00,3.1545e-03,1.4241e-03
2.2875e-01,1.5823e-04,-1.6709e+00,3.1544e-03,1.4240e-03
2.3250e-01,1.6614e-04,-1.6708e+00,3.1543e-03,1.4239e-03
2.3625e-01,1.7430e-04,-1.6708e+00,3.1542e-03,1.4237e-03
2.4000e-01,1.8273e-04,-1.6707e+00,3.1540e-03,1.4236e-03
2.4375e-01,1.9143e-04,-1.6707e+00,3.1539e-03,1.4235e-03
2.4750e-01,2.0039e-04,-1.6706e+00,3.1538e-03,1.4233e-03
2.5125e-01,2.0963e-04,-1.6705e+00,3.1537e-03,1.4232e-03
2.5500e-01,2.1916e-04,-1.6705e+00,3.1535e-03,1.4231e-03
2.5875e-01,2.2896e-04,-1.6704e+00,3.1534e-03,1.4229e-03
2.6250e-01,2.3906e-04,-1.6704e+00,3.1533e-03,1.4228e-03
2.6625e-01,2.4944e-04,-1.6703e+00,3.1531e-03,1.4227e-03
2.7000e-01,2.6012e-04,-1.6702e+00,3.1530e-03,1.4225e-03
2.7375e-01,2.7111e-04,-1.6702e+00,3.1528e-03,1.4224e-03
2.7750e-01,2.8239e-04,-1.6701e+00,3.1527e-03,1.4222e-03
2.8125e-01,2.9399e-04,-1.6700e+00,3.1525e-03,1.4221e-03
2.8500e-01,3.0590e-04,-1.6700e+00,3.1524e-03,1.4219e-03
2.8875e-01,3.1812e-04,-1.6699e+00,3.1523e-03,1.4218e-03
2.9250e-01,3.3067e-04,-1.6698e+00,3.1521e-03,1.4216e-03
2.9625e-01,3.4354e-04,-1.6698e+00,3.1519e-03,1.4215e-03
3.0000e-01,3.5674e-04,-1.6697e+00,3.1518e-03,1.4213e-03
3.0375e-01,3.7028e-04,-1.6696e+00,3.1516e-03,1.4211e-03
3.0750e-01,3.8415e-04,-1.6696e+00,3.1515e-03,1.4210e-03
3.1125e-01,3.9836e-04,-1.6695e+00,3.1513e-03,1.4208e-03
3.1500e-01,4.1292e-04,-1.6694e+00,3.1512e-03,1.4206e-03
3.1875e-01,4.2783e-04,-1.6693e+00,3.1510e-03,1.4205e-03
3.2250e-01,4.4310e-04,-1.6693e+00,3.1508e-03,1.4203e-03
3.2625e-01,4.5872e-04,-1.6692e+00,3.1507e-03,1.4201e-03
3.3000e-01,4.7470e-04,-1.6691e+00,3.1505e-03,1.4199e-03
3.3375e-01,4.9106e-04,-1.6690e+00,3.1503e-03,1.4198e-03
3.3750e-01,5.0778e-04,-1.6690e+00,3.1501e-03,1.4196e-03
3.4125e-01,5.2488e-04,-1.6689e+00,3.1500e-03,1.4194e-03
3.4500e-01,5.4235e-04,-1.6688e+00,3.1498e-03,1.4192e-03
3.4875e-01,5.6021e-04,-1.6687e+00,3.1496e-03,1.4190e-03
3.5250e-01,5.7846e-04,-1.6686e+00,3.1494e-03,1.4189e-03
3.5625e-01,5.9709e-04,-1.6686e+00,3.1492e-03,1.4187e-03
3.6000e-01,6.1613e-04,-1.6685e+00,3.1491e-03,1.4185e-03
3.6375e-01,6.3556e-04,-1.6684e+00,3.1489e-03,1.4183e-03
3.6750e-01,6.5540e-04,-1.6683e+00,3.1487e-03,1.4181e-03
3.7125e-01,6.7564e-04,-1.6682e+00,3.1485e-03,1.4179e-03
3.7500e-01,6.9630e-04,-1.6681e+00,3.1483e-03,1.4177e-03
3.7875e-01,7.1737e-04,-1.6680e+00,3.1481e-03,1.4175e-03
3.8250e-01,7.3886e-04,-1.6680e+00,3.1479e-03,1.4173e-03
3.8625e-01,7.6078e-04,-1.6679e+00,3.1477e-03,1.4171e-03
3.9000e-01,7.8312e-04,-1.6678e+00,3.1475e-03,1.4169e-03
3.9375e-01,8.0590e-04,-1.6677e+00,3.1473e-03,1.4167e-03
3.9750e-01,8.2911e-04,-1.6676e+00,3.1471e-03,1.4165e-03
4.0125e-01,8.5276e-04,-1.6675e+00,3.1469e-03,1.4162e-03
4.0500e-01,8.7686e-04,-1.6674e+00,3.1467e-03,1.4160e-03
4.0875e-01,9.0141e-04,-1.6673e+00,3.1465e-03,1.4158e-03
4.1250e-01,9.2641e-04,-1.6672e+00,3.1462e-03,1.4156e-03
4.1625e-01,9.5187e-04,-1.6671e+00,3.1460e-03,1.4154e-03
4.2000e-01,9.7779e-04,-1.6670e+00,3.1458e-03,1.4152e-03
4.2375e-01,1.0042e-03,-1.6669e+00,3.1456e-03,1.4149e-03
4.2750e-01,1.0310e-03,-1.6668e+00,3.1454e-03,1.4147e-03
4.3125e-01,1.0583e-03,-1.6667e+00,3.1452e-03,1.4145e-03
4.3500e-01,1.0862e-03,-1.6666e+00,3.1449e-03,1.4142e-03
4.3875e-01,1.1144e-03,-1.6665e+00,3.1447e-03,1.4140e-03
4.4250e-01,1.1432e-03,-1.6664e+00,3.1445e-03,1.4138e-03
4.4625e-01,1.1725e-03,-1.6663e+00,3.1443e-03,1.4135e-03
4.5000e-01,1.2022e-03,-1.6662e+00,3.1440e-03,1.4133e-03
4.5375e-01,1.2325e-03,-1.6661e+00,3.1438e-03,1.4131e-03
4.5750e-01,1.2632e-03,-1.6660e+00,3.1435e-03,1.4128e-03
4.6125e-01,1.2945e-03,-1.6659e+00,3.1433e-03,1.4126e-03
4.6500e-01,1.3263e-03,-1.6658e+00,3.1431e-03,1.4123e-03
4.6875e-01,1.3585e-03,-1.6657e+00,3.1428e-03,1.4121e-03
4.7250e-01,1.3913e-03,-1.6656e+00,3.1426e-03,1.4118e-03
4.7625e-01,1.4247e-03,-1.6655e+00,3.1423e-03,1.4116e-03
4.8000e-01,1.4585e-03,-1.6653e+00,3.1421e-03,1.4113e-03
4.8375e-01,1.4929e-03,-1.6652e+00,3.1418e-03,1.4111e-03
4.8750e-01,1.5278e-03,-1.6651e+00,3.1416e-03,1.4108e-03
4.9125e-01,1.5633e-03,-1.6650e+00,3.1413e-03,1.4105e-03
4.9500e-01,1.5993e-03,-1.6649e+00,3.1411e-03,1.4103e-03
4.9875e-01,1.6358e-03,-1.6648e+00,3.1408e-03,1.4100e-03
5.0250e-01,1.6729e-03,-1.6647e+00,3.1406e-03,1.4098e-03
5.0625e-01,1.7105e-03,-1.6645e+00,3.1403e-03,1.4095e-03
5.1000e-01,1.7487e-03,-1.6644e+00,3.1401e-03,1.4092e-03
5.1375e-01,1.7875e-03,-1.6643e+00,3.1398e-03,1.4089e-03
5.1750e-01,1.8269e-03,-1.6642e+00,3.1395e-03,1.4087e-03
5.2125e-01,1.8668e-03,-1.6641e+00,3.1393e-03,1.4084e-03
5.2500e-01,1.9072e-03,-1.6639e+00,3.1390e-03,1.4081e-03
5.2875e-01,1.9483e-03,-1.6638e+00,3.1387e-03,1.4078e-03
5.3250e-01,1.9899e-03,-1.6637e+00,3.1384e-03,1.4076e-03
5.3625e-01,2.0322e-03,-1.6636e+00,3.1382e-03,1.4073e-03
5.4000e-01,2.0750e-03,-1.6634e+00,3.1379e-03,1.4070e-03
5.4375e-01,2.1184e-03,-1.6633e+00,3.1376e-03,1.4067e-03
5.4750e-01,2.1624e-03,-1.6632e+00,3.1373e-03,1.4064e-03
5.5125e-01,2.2071e-03,-1.6631e+00,3.1370e-03,1.4061e-03
5.5500e-01,2.2523e-03,-1.6629e+00,3.1368e-03,1.4058e-03
5.5875e-01,2.2981e-03,-1.6628e+00,3.1365e-03,1.4055e-03
5.6250e-01,2.3446e-03,-1.6627e+00,3.1362e-03,1.4052e-03
5.6625e-01,2.3916e-03,-1.6625e+00,3.1359e-03,1.4049e-03
5.7000e-01,2.4393e-03,-1.6624e+00,3.1356e-03,1.4046e-03
5.7375e-01,2.4877e-03,-1.6623e+00,3.1353e-03,1.4043e-03
5.7750e-01,2.5366e-03,-1.6621e+00,3.1350e-03,1.4040e-03
5.8125e-01,2.5862e-03,-1.6620e+00,3.1347e-03,1.4037e-03
5.8500e-01,2.6364e-03,-1.6619e+00,3.1344e-03,1.4034e-03
5.8875e-01,2.6873e-03,-1.6617e+00,3.1341e-03,1.4031e-03
5.9250e-01,2.7388e-03,-1.6616e+00,3.1338e-03,1.4028e-03
5.9625e-01,2.7910e-03,-1.6614e+00,3.1335e-03,1.4025e-03
6.0000e-01,2.8438e-03,-1.6613e+00,3.1332e-03,1.4022e-03
6.0375e-01,2.8973e-03,-1.6612e+00,3.1329e-03,1.4018e-03
6.0750e-01,2.9514e-03,-1.6610e+00,3.1326e-03,1.4015e-03
6.1125e-01,3.0063e-03,-1.6609e+00,3.1323e-03,1.4012e-03
6.1500e-01,3.0617e-03,-1.6607e+00,3.1319e-03,1.4009e-03
6.1875e-01,3.1179e-03,-1.6606e+00,3.1316e-03,1.4006e-03
6.2250e-01,3.1747e-03,-1.6605e+00,3.1313e-03,1.4002e-03
6.2625e-01,3.2323e-03,-1.6603e+00,3.1310e-03,1.3999e-03
6.3000e-01,3.2905e-03,-1.6602e+00,3.1307e-03,1.3996e-03
6.3375e-01,3.3494e-03,-1.6600e+00,3.1303e-03,1.3992e-03
6.3750e-01,3.4090e-03,-1.6599e+00,3.1300e-03,1.3989e-03
6.4125e-01,3.4693e-03,-1.6597e+00,3.1297e-03,1.3986e-03
6.4500e-01,3.5303e-03,-1.6596e+00,3.1294e-03,1.3982e-03
6.4875e-01,3.5920e-03,-1.6594e+00,3.1290e-03,1.3979e-03
6.5250e-01,3.6544e-03,-1.6593e+00,3.1287e-03,1.3975e-03
6.5625e-01,3.7175e-03,-1.6591e+00,3.1284e-03,1.3972e-03
6.6000e-01,3.7814e-03,-1.6590e+00,3.1280e-03,1.3968e-03
6.6375e-01,3.8459e-03,-1.6588e+00,3.1277e-03,1.3965e-03
6.6750e-01,3.9112e-03,-1.6587e+00,3.1273e-03,1.3961e-03
6.7125e-01,3.9773e-03,-1.6585e+00,3.1270e-03,1.3958e-03
6.7500e-01,4.0440e-03,-1.6583e+00,3.1267e-03,1.3954e-03
6.7875e-01,4.1115e-03,-1.6582e+00,3.1263e-03,1.3951e-03
6.8250e-01,4.1798e-03,-1.6580e+00,3.1260e-03,1.3947e-03
6.8625e-01,4.2488e-03,-1.6579e+00,3.1256e-03,1.3944e-03
6.9000e-01,4.3185e-03,-1.6577e+00,3.1253e-03,1.3940e-03
6.9375e-01,4.3890e-03,-1.6575e+00,3.1249e-03,1.3936e-03
6.9750e-01,4.4602e-03,-1.6574e+00,3.1246e-03,1.3933e-03
7.0125e-01,4.5323e-03,-1.6572e+00,3.1242e-03,1.3929e-03
7.0500e-01,4.6050e-03,-1.6571e+00,3.1238e-03,1.3925e-03
7.0875e-01,4.6786e-03,-1.6569e+00,3.1235e-03,1.3922e-03
7.1250e-01,4.7529e-03,-1.6567e+00,3.1231e-03,1.3918e-03
7.1625e-01,4.8280e-03,-1.6566e+00,3.1228e-03,1.3914e-03
7.2000e-01,4.9039e-03,-1.6564e+00,3.1224e-03,1.3910e-03
7.2375e-01,4.9806e-03,-1.6562e+00,3.1220e-03,1.3907e-03
7.2750e-01,5.0580e-03,-1.6561e+00,3.1216e-03,1.3903e-03
7.3125e-01,5.1363e-03,-1.6559e+00,3.1213e-03,1.3899e-03
7.3500e-01,5.2153e-03,-1.6557e+00,3.1209e-03,1.3895e-03
7.3875e-01,5.2952e-03,-1.6555e+00,3.1205e-03,1.3891e-03
7.4250e-01,5.3759e-03,-1.6554e+00,3.1201e-03,1.3887e-03
7.4625e-01,5.4573e-03,-1.6552e+00,3.1198e-03,1.3883e-03
7.5000e-01,5.5396e-03,-1.6550e+00,3.1194e-03,1.3879e-03
7.5375e-01,5.6227e-03,-1.6548e+00,3.1190e-03,1.3876e-03
7.5750e-01,5.7066e-03,-1.6547e+00,3.1186e-03,1.3872e-03
7.6125e-01,5.7913e-03,-1.6545e+00,3.1182e-03,1.3868e-03
7.6500e-01,5.8769e-03,-1.6543e+00,3.1178e-03,1.3864e-03
7.6875e-01,5.9633e-03,-1.6541e+00,3.1175e-03,1.3860e-03
7.7250e-01,6.0506e-03,-1.6540e+00,3.1171e-03,1.3856e-03
7.7625e-01,6.1386e-03,-1.6538e+00,3.1167e-03,1.3851e-03
7.8000e-01,6.2276e-03,-1.6536e+00,3.1163e-03,1.3847e-03
7.8375e-01,6.3173e-03,-1.6534e+00,3.1159e-03,1.3843e-03
7.8750e-01,6.4079e-03,-1.6532e+00,3.1155e-03,1.3839e-03
7.9125e-01,6.4994e-03,-1.6530e+00,3.1151e-03,1.3835e-03
7.9500e-01,6.5918e-03,-1.6529e+00,3.1147e-03,1.3831e-03
7.9875e-01,6.6849e-03,-1.6527e+00,3.1143e-03,1.3827e-03
8.0250e-01,6.7790e-03,-1.6525e+00,3.1139e-03,1.3823e-03
8.0625e-01,6.8739e-03,-1.6523e+00,3.1135e-03,1.3818e-03
8.1000e-01,6.9698e-03,-1.6521e+00,3.1130e-03,1.3814e-03
8.1375e-01,7.0664e-03,-1.6519e+00,3.1126e-03,1.3810e-03
8.1750e-01,7.1640e-03,-1.6517e+00,3.1122e-03,1.3806e-03
8.2125e-01,7.2625e-03,-1.6515e+00,3.1118e-03,1.3801e-03
8.2500e-01,7.3618e-03,-1.6514e+00,3.1114e-03,1.3797e-03
8.2875e-01,7.4621e-03,-1.6512e+00,3.1110e-03,1.3793e-03
8.3250e-01,7.5632e-03,-1.6510e+00,3.1105e-03,1.3788e-03
8.3625e-01,7.6652e-03,-1.6508e+00,3.1101e-03,1.3784e-03
8.4000e-01,7.7682e-03,-1.6506e+00,3.1097e-03,1.3780e-03
8.4375e-01,7.8720e-03,-1.6504e+00,3.1093e-03,1.3775e-03
8.4750e-01,7.9768e-03,-1.6502e+00,3.1088e-03,1.3771e-03
8.5125e-01,8.0825e-03,-1.6500e+00,3.1084e-03,1.3766e-03
8.5500e-01,8.1891e-03,-1.6498e+00,3.1080e-03,1.3762e-03
8.5875e-01,8.2966e-03,-1.6496e+00,3.1076e-03,1.3758e-03
8.6250e-01,8.4051e-03,-1.6494e+00,3.1071e-03,1.3753e-03
8.6625e-01,8.5145e-03,-1.6492e+00,3.1067e-03,1.3749e-03
8.7000e-01,8.6248e-03,-1.6490e+00,3.1062e-03,1.3744e-03
8.7375e-01,8.7361e-03,-1.6488e+00,3.1058e-03,1.3739e-03
8.7750e-01,8.8483e-03,-1.6486e+00,3.1054e-03,1.3735e-03
8.8125e-01,8.9614e-03,-1.6484e+00,3.1049e-03,1.3730e-03
8.8500e-01,9.0755e-03,-1.6482e+00,3.1045e-03,1.3726e-03
8.8875e-01,9.1906e-03,-1.6480e+00,3.1040e-03,1.3721e-03
8.9250e-01,9.3066e-03,-1.6478e+00,3.1036e-03,1.3717e-03
8.9625e-01,9.4236e-03,-1.6476e+00,3.1031e-03,1.3712e-03
9.0000e-01,9.5415e-03,-1.6473e+00,3.1027e-03,1.3707e-03
9.0375e-01,9.6605e-03,-1.6471e+00,3.1022e-03,1.3703e-03
9.0750e-01,9.7803e-03,-1.6469e+00,3.1018e-03,1.3698e-03
9.1125e-01,9.9012e-03,-1.6467e+00,3.1013e-03,1.3693e-03
9.1500e-01,1.0023e-02,-1.6465e+00,3.1008e-03,1.3688e-03
9.1875e-01,1.0146e-02,-1.6463e+00,3.1004e-03,1.3684e-03
9.2250e-01,1.0270e-02,-1.6461e+00,3.0999e-03,1.3679e-03
9.2625e-01,1.0395e-02,-1.6459e+00,3.0994e-03,1.3674e-03
9.3000e-01,1.0520e-02,-1.6456e+00,3.0990e-03,1.3669e-03
9.3375e-01,1.0647e-02,-1.6454e+00,3.0985e-03,1.3664e-03
9.3750e-01,1.0775e-02,-1.6452e+00,3.0980e-03,1.3660e-03
9.4125e-01,1.0904e-02,-1.6450e+00,3.0976e-03,1.3655e-03
9.4500e-01,1.1034e-02,-1.6448e+00,3.0971e-03,1.3650e-03
9.4875e-01,1.1164e-02,-1.6446e+00,3.0966e-03,1.3645e-03
9.5250e-01,1.1296e-02,-1.6443e+00,3.0961e-03,1.3640e-03
9.5625e-01,1.1429e-02,-1.6441e+00,3.0957e-03,1.3635e-03
9.6000e-01,1.1563e-02,-1.6439e+00,3.0952e-03,1.3630e-03
9.6375e-01,1.1698e-02,-1.6437e+00,3.0947e-03,1.3625e-03
9.6750e-01,1.1834e-02,-1.6434e+00,3.0942e-03,1.3620e-03
9.7125e-01,1.1971e-02,-1.6432e+00,3.0937e-03,1.3615e-03
9.7500e-01,1.2109e-02,-1.6430e+00,3.0932e-03,1.3610e-03
9.7875e-01,1.2248e-02,-1.6428e+00,3.0928e-03,1.3605e-03
9.8250e-01,1.2388e-02,-1.6425e+00,3.0923e-03,1.3600e-03
9.8625e-01,1.2529e-02,-1.6423e+00,3.0918e-03,1.3595e-03
9.9000e-01,1.2672e-02,-1.6421e+00,3.0913e-03,1.3590e-03
9.9375e-01,1.2815e-02,-1.6419e+00,3.0908e-03,1.3585e-03
9.9750e-01,1.2959e-02,-1.6416e+00,3.0903e-03,1.3580e-03
1.0013e+00,1.3105e-02,-1.6414e+00,3.0898e-03,1.3574e-03
1.0050e+00,1.3251e-02,-1.6412e+00,3.0893e-03,1.3569e-03
1.0088e+00,1.3399e-02,-1.6409e+00,3.0888e-03,1.3564e-03
1.0125e+00,1.3548e-02,-1.6407e+00,3.0883e-03,1.3559e-03
1.0163e+00,1.3697e-02,-1.6405e+00,3.0878e-03,1.3554e-03
1.0200e+00,1.3848e-02,-1.6402e+00,3.0873e-03,1.3548e-03
1.0238e+00,1.4000e-02,-1.6400e+00,3.0867e-03,1.3543e-03
1.0275e+00,1.4153e-02,-1.6397e+00,3.0862e-03,1.3538e-03
1.0313e+00,1.4307e-02,-1.6395e+00,3.0857e-03,1.3532e-03
1.0350e+00,1.4462e-02,-1.6393e+00,3.0852e-03,1.3527e-03
1.0388e+00,1.4619e-02,-1.6390e+00,3.0847e-03,1.3522e-03
1.0425e+00,1.4776e-02,-1.6388e+00,3.0842e-03,1.3516e-03
1.0463e+00,1.4934e-02,-1.6385e+00,3.0836e-03,1.3511e-03
1.0500e+00,1.5094e-02,-1.6383e+00,3.0831e-03,1.3506e-03
1.0538e+00,1.5255e-02,-1.6381e+00,3.0826e-03,1.3500e-03
1.0575e+00,1.5417e-02,-1.6378e+00,3.0821e-03,1.3495e-03
1.0613e+00,1.5580e-02,-1.6376e+00,3.0816e-03,1.3489e-03
1.0650e+00,1.5744e-02,-1.6373e+00,3.0810e-03,1.3484e-03
1.0688e+00,1.5909e-02,-1.6371e+00,3.0805e-03,1.3479e-03
1.0725e+00,1.6075e-02,-1.6368e+00,3.0800e-03,1.3473e-03
1.0763e+00,1.6243e-02,-1.6366e+00,3.0794e-03,1.3468e-03
1.0800e+00,1.6412e-02,-1.6363e+00,3.0789e-03,1.3462e-03
1.0838e+00,1.6581e-02,-1.6361e+00,3.0784e-03,1.3456e-03
1.0875e+00,1.6752e-02,-1.6358e+00,3.0778e-03,1.3451e-03
1.0913e+00,1.6924e-02,-1.6356e+00,3.0773e-03,1.3445e-03
1.0950e+00,1.7098e-02,-1.6353e+00,3.0767e-03,1.3440e-03
1.0988e+00,1.7272e-02,-1.6351e+00,3.0762e-03,1.3434e-03
1.1025e+00,1.7448e-02,-1.6348e+00,3.0756e-03,1.3428e-03
1.1063e+00,1.7625e-02,-1.6346e+00,3.0751e-03,1.3423e-03
1.1100e+00,1.7802e-02,-1.6343e+00,3.0745e-03,1.3417e-03
1.1138e+00,1.7982e-02,-1.6340e+00,3.0740e-03,1.3411e-03
1.1175e+00,1.8162e-02,-1.6338e+00,3.0734e-03,1.3406e-03
1.1213e+00,1.8343e-02,-1.6335e+00,3.0729e-03,1.3400e-03
1.1250e+00,1.8526e-02,-1.6333e+00,3.0723e-03,1.3394e-03
1.1287e+00,1.8710e-02,-1.6330e+00,3.0718e-03,1.3389e-03
1.1325e+00,1.8895e-02,-1.6327e+00,3.0712e-03,1.3383e-03
1.1362e+00,1.9081e-02,-1.6325e+00,3.0707e-03,1.3377e-03
1.1400e+00,1.9268e-02,-1.6322e+00,3.0701e-03,1.3371e-03
1.1437e+00,1.9457e-02,-1.6319e+00,3.0695e-03,1.3365e-03
1.1475e+00,1.9647e-02,-1.6317e+00,3.0690e-03,1.3360e-03
1.1512e+00,1.9838e-02,-1.6314e+00,3.0684e-03,1.3354e-03
1.1550e+00,2.0030e-02,-1.6312e+00,3.0678e-03,1.3348e-03
1.1587e+00,2.0224e-02,-1.6309e+00,3.0673e-03,1.3342e-03
1.1625e+00,2.0418e-02,-1.6306e+00,3.0667e-03,1.3336e-03
1.1662e+00,2.0614e-02,-1.6303e+00,3.0661e-03,1.3330e-03
1.1700e+00,2.0811e-02,-1.6301e+00,3.0655e-03,1.3324e-03
1.1737e+00,2.1010e-02,-1.6298e+00,3.0650e-03,1.3318e-03
1.1775e+00,2.1209e-02,-1.6295e+00,3.0644e-03,1.3312e-03
1.1812e+00,2.1410e-02,-1.6293e+00,3.0638e-03,1.3306e-03
1.1850e+00,2.1612e-02,-1.6290e+00,3.0632e-03,1.3300e-03
1.1887e+00,2.1816e-02,-1.6287e+00,3.0626e-03,1.3294e-03
1.1925e+00,2.2020e-02,-1.6284e+00,3.0620e-03,1.3288e-03
1.1962e+00,2.2226e-02,-1.6282e+00,3.0615e-03,1.3282e-03
1.2000e+00,2.2433e-02,-1.6279e+00,3.0609e-03,1.3276e-03
1.2037e+00,2.2641e-02,-1.6276e+00,3.0603e-03,1.3270e-03
1.2075e+00,2.2851e-02,-1.6273e+00,3.0597e-03,1.3264e-03
1.2112e+00,2.3062e-02,-1.6270e+00,3.0591e-03,1.3258e-03
1.2150e+00,2.3274e-02,-1.6268e+00,3.0585e-03,1.3252e-03
1.2187e+00,2.3487e-02,-1.6265e+00,3.0579e-03,1.3245e-03
1.2225e+00,2.3702e-02,-1.6262e+00,3.0573e-03,1.3239e-03
1.2262e+00,2.3918e-02,-1.6259e+00,3.0567e-03,1.3233e-03
1.2300e+00,2.4135e-02,-1.6256e+00,3.0561e-03,1.3227e-03
1.2337e+00,2.4354e-02,-1.6254e+00,3.0555e-03,1.3221e-03
1.2375e+00,2.4574e-02,-1.6251e+00,3.0549e-03,1.3214e-03
1.2412e+00,2.4795e-02,-1.6248e+00,3.0543e-03,1.3208e-03
1.2450e+00,2.5017e-02,-1.6245e+00,3.0537e-03,1.3202e-03
1.2487e+00,2.5241e-02,-1.6242e+00,3.0531e-03,1.3195e-03
1.2525e+00,2.5466e-02,-1.6239e+00,3.0524e-03,1.3189e-03
1.2562e+00,2.5692e-02,-1.6236e+00,3.0518e-03,1.3183e-03
1.2600e+00,2.5920e-02,-1.6233e+00,3.0512e-03,1.3177e-03
1.2637e+00,2.6149e-02,-1.6230e+00,3.0506e-03,1.3170e-03
1.2675e+00,2.6379e-02,-1.6228e+00,3.0500e-03,1.3164e-03
1.2712e+00,2.6610e-02,-1.6225e+00,3.0494e-03,1.3157e-03
1.2750e+00,2.6843e-02,-1.6222e+00,3.0487e-03,1.3151e-03
1.2787e+00,2.7078e-02,-1.6219e+00,3.0481e-03,1.3145e-03
1.2825e+00,2.7313e-02,-1.6216e+00,3.0475e-03,1.3138e-03
1.2862e+00,2.7550e-02,-1.6213e+00,3.0469e-03,1.3132e-03
1.2900e+00,2.7788e-02,-1.6210e+00,3.0462e-03,1.3125e-03
1.2937e+00,2.8028e-02,-1.6207e+00,3.0456e-03,1.3119e-03
1.2975e+00,2.8269e-02,-1.6204e+00,3.0450e-03,1.3112e-03
1.3012e+00,2.8511e-02,-1.6201e+00,3.0444e-03,1.3106e-03
1.3050e+00,2.8754e-02,-1.6198e+00,3.0437e-03,1.3099e-03
1.3087e+00,2.8999e-02,-1.6195e+00,3.0431e-03,1.3092e-03
1.3125e+00,2.9246e-02,-1.6192e+00,3.0424e-03,1.3086e-03
1.3162e+00,2.9493e-02,-1.6189e+00,3.0418e-03,1.3079e-03
1.3200e+00,2.9742e-02,-1.6186e+00,3.0412e-03,1.3073e-03
1.3237e+00,2.9993e-02,-1.6183e+00,3.0405e-03,1.3066e-03
1.3275e+00,3.0245e-02,-1.6180e+00,3.0399e-03,1.3059e-03
1.3312e+00,3.0498e-02,-1.6177e+00,3.0392e-03,1.3053e-03
1.3350e+00,3.0752e-02,-1.6174e+00,3.0386e-03,1.3046e-03
1.3387e+00,3.1008e-02,-1.6170e+00,3.0379e-03,1.3039e-03
1.3425e+00,3.1265e-02,-1.6167e+00,3.0373e-03,1.3033e-03
1.3462e+00,3.1524e-02,-1.6164e+00,3.0366e-03,1.3026e-03
1.3500e+00,3.1784e-02,-1.6161e+00,3.0360e-03,1.3019e-03
1.3537e+00,3.2045e-02,-1.6158e+00,3.0353e-03,1.3013e-03
1.3575e+00,3.2308e-02,-1.6155e+00,3.0347e-03,1.3006e-03
1.3612e+00,3.2573e-02,-1.6152e+00,3.0340e-03,1.2999e-03
1.3650e+00,3.2838e-02,-1.6149e+00,3.0334e-03,1.2992e-03
1.3687e+00,3.3105e-02,-1.6145e+00,3.0327e-03,1.2985e-03
1.3725e+00,3.3374e-02,-1.6142e+00,3.0320e-03,1.2978e-03
1.3762e+00,3.3644e-02,-1.6139e+00,3.0314e-03,1.2972e-03
1.3800e+00,3.3915e-02,-1.6136e+00,3.0307e-03,1.2965e-03
1.3837e+00,3.4187e-02,-1.6133e+00,3.0300e-03,1.2958e-03
1.3875e+00,3.4462e-02,-1.6130e+00,3.0294e-03,1.2951e-03
1.3912e+00,3.4737e-02,-1.6126e+00,3.0287e-03,1.2944e-03
1.3950e+00,3.5014e-02,-1.6123e+00,3.0280e-03,1.2937e-03
1.3987e+00,3.5293e-02,-1.6120e+00,3.0274e-03,1.2930e-03
1.4025e+00,3.5572e-02,-1.6117e+00,3.0267e-03,1.2923e-03
1.4062e+00,3.5854e-02,-1.6114e+00,3.0260e-03,1.2916e-03
1.4100e+00,3.6136e-02,-1.6110e+00,3.0253e-03,1.2909e-03
1.4137e+00,3.6420e-02,-1.6107e+00,3.0247e-03,1.2902e-03
1.4175e+00,3.6706e-02,-1.6104e+00,3.0240e-03,1.2895e-03
1.4212e+00,3.6993e-02,-1.6101e+00,3.0233e-03,1.2888e-03
1.4250e+00,3.7282e-02,-1.6097e+00,3.0226e-03,1.2881e-03
1.4287e+00,3.7572e-02,-1.6094e+00,3.0219e-03,1.2874e-03
1.4325e+00,3.7863e-02,-1.6091e+00,3.0212e-03,1.2867e-03
1.4362e+00,3.8156e-02,-1.6087e+00,3.0205e-03,1.2860e-03
1.4400e+00,3.8450e-02,-1.6084e+00,3.0199e-03,1.2853e-03
1.4437e+00,3.8746e-02,-1.6081e+00,3.0192e-03,1.2846e-03
1.4475e+00,3.9043e-02,-1.6077e+00,3.0185e-03,1.2838e-03
1.4512e+00,3.9342e-02,-1.6074e+00,3.0178e-03,1.2831e-03
1.4550e+00,3.9642e-02,-1.6071e+00,3.0171e-03,1.2824e-03
1.4587e+00,3.9944e-02,-1.6067e+00,3.0164e-03,1.2817e-03
1.4625e+00,4.0247e-02,-1.6064e+00,3.0157e-03,1.2810e-03
1.4662e+00,4.0552e-02,-1.6061e+00,3.0150e-03,1.2802e-03
1.4700e+00,4.0858e-02,-1.6057e+00,3.0143e-03,1.2795e-03
1.4737e+00,4.1166e-02,-1.6054e+00,3.0136e-03,1.2788e-03
1.4775e+00,4.1475e-02,-1.6051e+00,3.0129e-03,1.2781e-03
1.4812e+00,4.1786e-02,-1.6047e+00,3.0122e-03,1.2773e-03
1.4850e+00,4.2098e-02,-1.6044e+00,3.0115e-03,1.2766e-03
1.4887e+00,4.2412e-02,-1.6040e+00,3.0108e-03,1.2759e-03
1.4925e+00,4.2727e-02,-1.6037e+00,3.0100e-03,1.2751e-03
1.4962e+00,4.3044e-02,-1.6033e+00,3.0093e-03,1.2744e-03
1.5000e+00,4.3362e-02,-1.6030e+00,3.0086e-03,1.2737e-03
1.5037e+00,4.3682e-02,-1.6027e+00,3.0079e-03,1.2729e-03
1.5075e+00,4.4003e-02,-1.6023e+00,3.0072e-03,1.2722e-03
1.5112e+00,4.4326e-02,-1.6020e+00,3.0065e-03,1.2714e-03
1.5150e+00,4.4650e-02,-1.6016e+00,3.0057e-03,1.2707e-03
1.5187e+00,4.4976e-02,-1.6013e+00,3.0050e-03,1.2700e-03
1.5225e+00,4.5303e-02,-1.6009e+00,3.0043e-03,1.2692e-03
1.5262e+00,4.5632e-02,-1.6006e+00,3.0036e-03,1.2685e-03
1.5300e+00,4.5963e-02,-1.6002e+00,3.0029e-03,1.2677e-03
1.5337e+00,4.6295e-02,-1.5999e+00,3.0021e-03,1.2670e-03
1.5375e+00,4.6628e-02,-1.5995e+00,3.0014e-03,1.2662e-03
1.5412e+00,4.6964e-02,-1.5992e+00,3.0007e-03,1.2655e-03
1.5450e+00,4.7300e-02,-1.5988e+00,2.9999e-03,1.2647e-03
1.5487e+00,4.7638e-02,-1.5985e+00,2.9992e-03,1.2639e-03
1.5525e+00,4.7978e-02,-1.5981e+00,2.9985e-03,1.2632e-03
1.5562e+00,4.8320e-02,-1.5977e+00,2.9977e-03,1.2624e-03
1.5600e+00,4.8662e-02,-1.5974e+00,2.9970e-03,1.2617e-03
1.5637e+00,4.9007e-02,-1.5970e+00,2.9963e-03,1.2609e-03
1.5675e+00,4.9353e-02,-1.5967e+00,2.9955e-03,1.2601e-03
1.5712e+00,4.9701e-02,-1.5963e+00,2.9948e-03,1.2594e-03
1.5750e+00,5.0050e-02,-1.5959e+00,2.9940e-03,1.2586e-03
1.5787e+00,5.0401e-02,-1.5956e+00,2.9933e-03,1.2578e-03
1.5825e+00,5.0753e-02,-1.5952e+00,2.9925e-03,1.2571e-03
1.5862e+00,5.1107e-02,-1.5949e+00,2.9918e-03,1.2563e-03
1.5900e+00,5.1462e-02,-1.5945e+00,2.9910e-03,1.2555e-03
1.5937e+00,5.1820e-02,-1.5941e+00,2.9903e-03,1.2548e-03
1.5975e+00,5.2178e-02,-1.5938e+00,2.9895e-03,1.2540e-03
1.6012e+00,5.2539e-02,-1.5934e+00,2.9888e-03,1.2532e-03
1.6050e+00,5.2901e-02,-1.5930e+00,2.9880e-03,1.2524e-03
1.6087e+00,5.3264e-02,-1.5927e+00,2.9873e-03,1.2516e-03
1.6125e+00,5.3629e-02,-1.5923e+00,2.9865e-03,1.2509e-03
1.6162e+00,5.3996e-02,-1.5919e+00,2.9858e-03,1.2501e-03
1.6200e+00,5.4364e-02,-1.5916e+00,2.9850e-03,1.2493e-03
1.6237e+00,5.4734e-02,-1.5912e+00,2.9842e-03,1.2485e-03
1.6275e+00,5.5106e-02,-1.5908e+00,2.9835e-03,1.2477e-03
1.6312e+00,5.5479e-02,-1.5904e+00,2.9827e-03,1.2469e-03
1.6350e+00,5.5854e-02,-1.5901e+00,2.9819e-03,1.2461e-03
1.6387e+00,5.6230e-02,-1.5897e+00,2.9812e-03,1.2453e-03
1.6425e+00,5.6608e-02,-1.5893e+00,2.9804e-03,1.2446e-03
1.6462e+00,5.6988e-02,-1.5889e+00,2.9796e-03,1.2438e-03
1.6500e+00,5.7370e-02,-1.5886e+00,2.9789e-03,1.2430e-03
1.6537e+00,5.7753e-02,-1.5882e+00,2.9781e-03,1.2422e-03
1.6575e+00,5.8137e-02,-1.5878e+00,2.9773e-03,1.2414e-03
1.6612e+00,5.8523e-02,-1.5874e+00,2.9765e-03,1.2406e-03
1.6650e+00,5.8911e-02,-1.5870e+00,2.9758e-03,1.2398e-03
1.6687e+00,5.9301e-02,-1.5867e+00,2.9750e-03,1.2390e-03
1.6725e+00,5.9692e-02,-1.5863e+00,2.9742e-03,1.2382e-03
1.6762e+00,6.0085e-02,-1.5859e+00,2.9734e-03,1.2373e-03
1.6800e+00,6.0480e-02,-1.5855e+00,2.9726e-03,1.2365e-03
1.6837e+00,6.0876e-02,-1.5851e+00,2.9719e-03,1.2357e-03
1.6875e+00,6.1274e-02,-1.5847e+00,2.9711e-03,1.2349e-03
1.6912e+00,6.1673e-02,-1.5844e+00,2.9703e-03,1.2341e-03
1.6950e+00,6.2074e-02,-1.5840e+00,2.9695e-03,1.2333e-03
1.6987e+00,6.2477e-02,-1.5836e+00,2.9687e-03,1.2325e-03
1.7025e+00,6.2882e-02,-1.5832e+00,2.9679e-03,1.2317e-03
1.7062e+00,6.3288e-02,-1.5828e+00,2.9671e-03,1.2308e-03
1.7100e+00,6.3696e-02,-1.5824e+00,2.9663e-03,1.2300e-03
1.7137e+00,6.4106e-02,-1.5820e+00,2.9655e-03,1.2292e-03
1.7175e+00,6.4517e-02,-1.5816e+00,2.9647e-03,1.2284e-03
1.7212e+00,6.4930e-02,-1.5812e+00,2.9639e-03,1.2276e-03
1.7250e+00,6.5344e-02,-1.5808e+00,2.9631e-03,1.2267e-03
1.7287e+00,6.5761e-02,-1.5804e+00,2.9623e-03,1.2259e-03
1.7325e+00,6.6179e-02,-1.5801e+00,2.9615e-03,1.2251e-03
1.7362e+00,6.6599e-02,-1.5797e+00,2.9607e-03,1.2243e-03
1.7400e+00,6.7020e-02,-1.5793e+00,2.9599e-03,1.2234e-03
1.7437e+00,6.7443e-02,-1.5789e+00,2.9591e-03,1.2226e-03
1.7475e+00,6.7868e-02,-1.5785e+00,2.9583e-03,1.2218e-03
1.7512e+00,6.8295e-02,-1.5781e+00,2.9575e-03,1.2209e-03
1.7550e+00,6.8723e-02,-1.5777e+00,2.9567e-03,1.2201e-03
1.7587e+00,6.9153e-02,-1.5773e+00,2.9559e-03,1.2192e-03
1.7625e+00,6.9585e-02,-1.5769e+00,2.9551e-03,1.2184e-03
1.7662e+00,7.0018e-02,-1.5765e+00,2.9543e-03,1.2176e-03
1.7700e+00,7.0453e-02,-1.5761e+00,2.9534e-03,1.2167e-03
1.7737e+00,7.0890e-02,-1.5757e+00,2.9526e-03,1.2159e-03
1.7775e+00,7.1329e-02,-1.5752e+00,2.9518e-03,1.2150e-03
1.7812e+00,7.1769e-02,-1.5748e+00,2.9510e-03,1.2142e-03
1.7850e+00,7.2211e-02,-1.5744e+00,2.9502e-03,1.2134e-03
1.7887e+00,7.2655e-02,-1.5740e+00,2.9493e-03,1.2125e-03
1.7925e+00,7.3101e-02,-1.5736e+00,2.9485e-03,1.2117e-03
1.7962e+00,7.3548e-02,-1.5732e+00,2.9477e-03,1.2108e-03
1.8000e+00,7.3997e-02,-1.5728e+00,2.9469e-03,1.2100e-03
1.8037e+00,7.4448e-02,-1.5724e+00,2.9460e-03,1.2091e-03
1.8075e+00,7.4900e-02,-1.5720e+00,2.9452e-03,1.2082e-03
1.8112e+00,7.5355e-02,-1.5716e+00,2.9444e-03,1.2074e-03
1.8150e+00,7.5811e-02,-1.5712e+00,2.9435e-03,1.2065e-03
1.8187e+00,7.6269e-02,-1.5707e+00,2.9427e-03,1.2057e-03
1.8225e+00,7.6728e-02,-1.5703e+00,2.9419e-03,1.2048e-03
1.8262e+00,7.7189e-02,-1.5699e+00,2.9410e-03,1.2039e-03
1.8300e+00,7.7653e-02,-1.5695e+00,2.9402e-03,1.2031e-03
1.8337e+00,7.8117e-02,-1.5691e+00,2.9394e-03,1.2022e-03
1.8375e+00,7.8584e-02,-1.5687e+00,2.9385e-03,1.2014e-03
1.8412e+00,7.9053e-02,-1.5682e+00,2.9377e-03,1.2005e-03
1.8450e+00,7.9523e-02,-1.5678e+00,2.9368e-03,1.1996e-03
1.8487e+00,7.9995e-02,-1.5674e+00,2.9360e-03,1.1988e-03
1.8525e+00,8.0469e-02,-1.5670e+00,2.9351e-03,1.1979e-03
1.8562e+00,8.0944e-02,-1.5666e+00,2.9343e-03,1.1970e-03
1.8600e+00,8.1421e-02,-1.5661e+00,2.9335e-03,1.1961e-03
1.8637e+00,8.1901e-02,-1.5657e+00,2.9326e-03,1.1953e-03
1.8675e+00,8.2382e-02,-1.5653e+00,2.9318e-03,1.1944e-03
1.8712e+00,8.2864e-02,-1.5649e+00,2.9309e-03,1.1935e-03
1.8750e+00,8.3349e-02,-1.5644e+00,2.9301e-03,1.1926e-03
1.8787e+00,8.3835e-02,-1.5640e+00,2.9292e-03,1.1918e-03
1.8825e+00,8.4323e-02,-1.5636e+00,2.9283e-03,1.1909e-03
1.8862e+00,8.4813e-02,-1.5631e+00,2.9275e-03,1.1900e-03
1.8900e+00,8.5305e-02,-1.5627e+00,2.9266e-03,1.1891e-03
1.8937e+00,8.5798e-02,-1.5623e+00,2.9258e-03,1.1882e-03
1.8975e+00,8.6294e-02,-1.5619e+00,2.9249e-03,1.1873e-03
1.9012e+00,8.6791e-02,-1.5614e+00,2.9240e-03,1.1864e-03
1.9050e+00,8.7290e-02,-1.5610e+00,2.9232e-03,1.1856e-03
1.9087e+00,8.7791e-02,-1.5606e+00,2.9223e-03,1.1847e-03
1.9125e+00,8.8293e-02,-1.5601e+00,2.9214e-03,1.1838e-03
1.9162e+00,8.8798e-02,-1.5597e+00,2.9206e-03,1.1829e-03
1.9200e+00,8.9304e-02,-1.5593e+00,2.9197e-03,1.1820e-03
1.9237e+00,8.9812e-02,-1.5588e+00,2.9188e-03,1.1811e-03
1.9275e+00,9.0322e-02,-1.5584e+00,2.9180e-03,1.1802e-03
1.9312e+00,9.0834e-02,-1.5579e+00,2.9171e-03,1.1793e-03
1.9350e+00,9.1348e-02,-1.5575e+00,2.9162e-03,1.1784e-03
1.9387e+00,9.1863e-02,-1.5571e+00,2.9153e-03,1.1775e-03
1.9425e+00,9.2380e-02,-1.5566e+00,2.9145e-03,1.1766e-03
1.9462e+00,9.2900e-02,-1.5562e+00,2.9136e-03,1.1757e-03
1.9500e+00,9.3421e-02,-1.5557e+00,2.9127e-03,1.1748e-03
1.9537e+00,9.3943e-02,-1.5553e+00,2.9118e-03,1.1739e-03
1.9575e+00,9.4468e-02,-1.5549e+00,2.9110e-03,1.1730e-03
1.9612e+00,9.4995e-02,-1.5544e+00,2.9101e-03,1.1721e-03
1.9650e+00,9.5523e-02,-1.5540e+00,2.9092e-03,1.1712e-03
1.9687e+00,9.6053e-02,-1.5535e+00,2.9083e-03,1.1703e-03
1.9725e+00,9.6585e-02,-1.5531e+00,2.9074e-03,1.1693e-03
1.9762e+00,9.7119e-02,-1.5526e+00,2.9065e-03,1.1684e-03
1.9800e+00,9.7655e-02,-1.5522e+00,2.9056e-03,1.1675e-03
1.9837e+00,9.8193e-02,-1.5517e+00,2.9047e-03,1.1666e-03
1.9875e+00,9.8733e-02,-1.5513e+00,2.9039e-03,1.1657e-03
1.9912e+00,9.9274e-02,-1.5508e+00,2.9030e-03,1.1648e-03
1.9950e+00,9.9818e-02,-1.5504e+00,2.9021e-03,1.1638e-03
1.9987e+00,1.0036e-01,-1.5499e+00,2.9012e-03,1.1629e-03
2.0025e+00,1.0091e-01,-1.5495e+00,2.9003e-03,1.1620e-03
2.0062e+00,1.0146e-01,-1.5490e+00,2.8994e-03,1.1611e-03
2.0100e+00,1.0201e-01,-1.5486e+00,2.8985e-03,1.1602e-03
2.0137e+00,1.0256e-01,-1.5481e+00,2.8976e-03,1.1592e-03
2.0175e+00,1.0312e-01,-1.5476e+00,2.8967e-03,1.1583e-03
2.0212e+00,1.0367e-01,-1.5472e+00,2.8958e-03,1.1574e-03
2.0250e+00,1.0423e-01,-1.5467e+00,2.8949e-03,1.1565e-03
2.0287e+00,1.0479e-01,-1.5463e+00,2.8940e-03,1.1555e-03
2.0325e+00,1.0535e-01,-1.5458e+00,2.8931e-03,1.1546e-03
2.0362e+00,1.0592e-01,-1.5453e+00,2.8922e-03,1.1537e-03
2.0400e+00,1.0649e-01,-1.5449e+00,2.8912e-03,1.1527e-03
2.0437e+00,1.0705e-01,-1.5444e+00,2.8903e-03,1.1518e-03
2.0475e+00,1.0762e-01,-1.5440e+00,2.8894e-03,1.1509e-03
2.0512e+00,1.0819e-01,-1.5435e+00,2.8885e-03,1.1499e-03
2.0550e+00,1.0877e-01,-1.5430e+00,2.8876e-03,1.1490e-03
2.0587e+00,1.0934e-01,-1.5426e+00,2.8867e-03,1.1480e-03
2.0625e+00,1.0992e-01,-1.5421e+00,2.8858e-03,1.1471e-03
2.0662e+00,1.1050e-01,-1.5416e+00,2.8848e-03,1.1462e-03
2.0700e+00,1.1108e-01,-1.5412e+00,2.8839e-03,1.1452e-03
2.0737e+00,1.1167e-01,-1.5407e+00,2.8830e-03,1.1443e-03
2.0775e+00,1.1225e-01,-1.5402e+00,2.8821e-03,1.1433e-03
2.0812e+00,1.1284e-01,-1.5398e+00,2.8812e-03,1.1424e-03
2.0850e+00,1.1343e-01,-1.5393e+00,2.8802e-03,1.1414e-03
2.0887e+00,1.1402e-01,-1.5388e+00,2.8793e-03,1.1405e-03
2.0925e+00,1.1461e-01,-1.5383e+00,2.8784e-03,1.1395e-03
2.0962e+00,1.1521e-01,-1.5379e+00,2.8775e-03,1.1386e-03
2.1000e+00,1.1580e-01,-1.5374e+00,2.8765e-03,1.1376e-03
2.1037e+00,1.1640e-01,-1.5369e+00,2.8756e-03,1.1367e-03
2.1075e+00,1.1700e-01,-1.5364e+00,2.8747e-03,1.1357e-03
2.1112e+00,1.1760e-01,-1.5360e+00,2.8737e-03,1.1348e-03
2.1150e+00,1.1821e-01,-1.5355e+00,2.8728e-03,1.1338e-03
2.1187e+00,1.1882e-01,-1.5350e+00,2.8719e-03,1.1329e-03
2.1225e+00,1.1942e-01,-1.5345e+00,2.8709e-03,1.1319e-03
2.1262e+00,1.2003e-01,-1.5341e+00,2.8700e-03,1.1310e-03
2.1300e+00,1.2065e-01,-1.5336e+00,2.8691e-03,1.1300e-03
2.1337e+00,1.2126e-01,-1.5331e+00,2.8681e-03,1.1290e-03
2.1375e+00,1.2188e-01,-1.5326e+00,2.8672e-03,1.1281e-03
2.1412e+00,1.2250e-01,-1.5321e+00,2.8662e-03,1.1271e-03
2.1450e+00,1.2312e-01,-1.5316e+00,2.8653e-03,1.1261e-03
2.1487e+00,1.2374e-01,-1.5312e+00,2.8644e-03,1.1252e-03
2.1525e+00,1.2436e-01,-1.5307e+00,2.8634e-03,1.1242e-03
2.1562e+00,1.2499e-01,-1.5302e+00,2.8625e-03,1.1232e-03
2.1600e+00,1.2562e-01,-1.5297e+00,2.8615e-03,1.1223e-03
2.1637e+00,1.2625e-01,-1.5292e+00,2.8606e-03,1.1213e-03
2.1675e+00,1.2688e-01,-1.5287e+00,2.8596e-03,1.1203e-03
2.1712e+00,1.2751e-01,-1.5282e+00,2.8587e-03,1.1193e-03
2.1750e+00,1.2815e-01,-1.5278e+00,2.8577e-03,1.1184e-03
2.1787e+00,1.2879e-01,-1.5273e+00,2.8568e-03,1.1174e-03
2.1825e+00,1.2943e-01,-1.5268e+00,2.8558e-03,1.1164e-03
2.1862e+00,1.3007e-01,-1.5263e+00,2.8549e-03,1.1154e-03
2.1900e+00,1.3071e-01,-1.5258e+00,2.8539e-03,1.1145e-03
2.1937e+00,1.3136e-01,-1.5253e+00,2.8529e-03,1.1135e-03
2.1975e+00,1.3201e-01,-1.5248e+00,2.8520e-03,1.1125e-03
2.2012e+00,1.3266e-01,-1.5243e+00,2.8510e-03,1.1115e-03
2.2050e+00,1.3331e-01,-1.5238e+00,2.8501e-03,1.1105e-03
2.2087e+00,1.3396e-01,-1.5233e+00,2.8491e-03,1.1096e-03
2.2125e+00,1.3462e-01,-1.5228e+00,2.8481e-03,1.1086e-03
2.2162e+00,1.3528e-01,-1.5223e+00,2.8472e-03,1.1076e-03
2.2200e+00,1.3594e-01,-1.5218e+00,2.8462e-03,1.1066e-03
2.2237e+00,1.3660e-01,-1.5213e+00,2.8452e-03,1.1056e-03
2.2275e+00,1.3726e-01,-1.5208e+00,2.8443e-03,1.1046e-03
2.2312e+00,1.3793e-01,-1.5203e+00,2.8433e-03,1.1036e-03
2.2350e+00,1.3860e-01,-1.5198e+00,2.8423e-03,1.1026e-03
2.2387e+00,1.3927e-01,-1.5193e+00,2.8413e-03,1.1017e-03
2.2425e+00,1.3994e-01,-1.5188e+00,2.8404e-03,1.1007e-03
2.2462e+00,1.4061e-01,-1.5183e+00,2.8394e-03,1.0997e-03
2.2500e+00,1.4129e-01,-1.5178e+00,2.8384e-03,1.0987e-03
2.2537e+00,1.4197e-01,-1.5173e+00,2.8374e-03,1.0977e-03
2.2575e+00,1.4265e-01,-1.5168e+00,2.8365e-03,1.0967e-03
2.2612e+00,1.4333e-01,-1.5163e+00,2.8355e-03,1.0957e-03
2.2650e+00,1.4402e-01,-1.5158e+00,2.8345e-03,1.0947e-03
2.2687e+00,1.4470e-01,-1.5153e+00,2.8335e-03,1.0937e-03
2.2725e+00,1.4539e-01,-1.5147e+00,2.8325e-03,1.0927e-03
2.2762e+00,1.4608e-01,-1.5142e+00,2.8316e-03,1.0917e-03
2.2800e+00,1.4677e-01,-1.5137e+00,2.8306e-03,1.0907e-03
2.2837e+00,1.4747e-01,-1.5132e+00,2.8296e-03,1.0897e-03
2.2875e+00,1.4816e-01,-1.5127e+00,2.8286e-03,1.0887e-03
2.2912e+00,1.4886e-01,-1.5122e+00,2.8276e-03,1.0877e-03
2.2950e+00,1.4956e-01,-1.5117e+00,2.8266e-03,1.0866e-03
2.2987e+00,1.5027e-01,-1.5112e+00,2.8256e-03,1.0856e-03
2.3025e+00,1.5097e-01,-1.5106e+00,2.8246e-03,1.0846e-03
2.3062e+00,1.5168e-01,-1.5101e+00,2.8236e-03,1.0836e-03
2.3100e+00,1.5239e-01,-1.5096e+00,2.8227e-03,1.0826e-03
2.3137e+00,1.5310e-01,-1.5091e+00,2.8217e-03,1.0816e-03
2.3175e+00,1.5381e-01,-1.5086e+00,2.8207e-03,1.0806e-03
2.3212e+00,1.5452e-01,-1.5080e+00,2.8197e-03,1.0796e-03
2.3250e+00,1.5524e-01,-1.5075e+00,2.8187e-03,1.0786e-03
2.3287e+00,1.5596e-01,-1.5070e+00,2.8177e-03,1.0775e-03
2.3325e+00,1.5668e-01,-1.5065e+00,2.8167e-03,1.0765e-03
2.3362e+00,1.5740e-01,-1.5060e+00,2.8157e-03,1.0755e-03
2.3400e+00,1.5813e-01,-1.5054e+00,2.8147e-03,1.0745e-03
2.3437e+00,1.5886e-01,-1.5049e+00,2.8137e-03,1.0735e-03
2.3475e+00,1.5959e-01,-1.5044e+00,2.8127e-03,1.0724e-03
2.3512e+00,1.6032e-01,-1.5039e+00,2.8116e-03,1.0714e-03
2.3550e+00,1.6105e-01,-1.5033e+00,2.8106e-03,1.0704e-03
2.3587e+00,1.6179e-01,-1.5028e+00,2.8096e-03,1.0694e-03
2.3625e+00,1.6252e-01,-1.5023e+00,2.8086e-03,1.0683e-03
2.3662e+00,1.6326e-01,-1.5017e+00,2.8076e-03,1.0673e-03
2.3700e+00,1.6401e-01,-1.5012e+00,2.8066e-03,1.0663e-03
2.3737e+00,1.6475e-01,-1.5007e+00,2.8056e-03,1.0653e-03
2.3775e+00,1.6550e-01,-1.5001e+00,2.8046e-03,1.0642e-03
2.3812e+00,1.6624e-01,-1.4996e+00,2.8036e-03,1.0632e-03
2.3850e+00,1.6699e-01,-1.4991e+00,2.8025e-03,1.0622e-03
2.3887e+00,1.6775e-01,-1.4985e+00,2.8015e-03,1.0611e-03
2.3925e+00,1.6850e-01,-1.4980e+00,2.8005e-03,1.0601e-03
2.3962e+00,1.6926e-01,-1.4975e+00,2.7995e-03,1.0591e-03
2.4000e+00,1.7002e-01,-1.4969e+00,2.7985e-03,1.0580e-03
2.4037e+00,1.7078e-01,-1.4964e+00,2.7974e-03,1.0570e-03
2.4075e+00,1.7154e-01,-1.4959e+00,2.7964e-03,1.0560e-03
2.4112e+00,1.7230e-01,-1.4953e+00,2.7954e-03,1.0549e-03
2.4150e+00,1.7307e-01,-1.4948e+00,2.7944e-03,1.0539e-03
2.4187e+00,1.7384e-01,-1.4942e+00,2.7933e-03,1.0529e-03
2.4225e+00,1.7461e-01,-1.4937e+00,2.7923e-03,1.0518e-03
2.4262e+00,1.7538e-01,-1.4932e+00,2.7913e-03,1.0508e-03
2.4300e+00,1.7616e-01,-1.4926e+00,2.7903e-03,1.0497e-03
2.4337e+00,1.7694e-01,-1.4921e+00,2.7892e-03,1.0487e-03
2.4375e+00,1.7772e-01,-1.4915e+00,2.7882e-03,1.0476e-03
2.4412e+00,1.7850e-01,-1.4910e+00,2.7872e-03,1.0466e-03
2.4450e+00,1.7928e-01,-1.4904e+00,2.7861e-03,1.0456e-03
2.4487e+00,1.8007e-01,-1.4899e+00,2.7851e-03,1.0445e-03
2.4525e+00,1.8086e-01,-1.4893e+00,2.7841e-03,1.0435e-03
2.4562e+00,1.8165e-01,-1.4888e+00,2.7830e-03,1.0424e-03
2.4600e+00,1.8244e-01,-1.4883e+00,2.7820e-03,1.0414e-03
2.4637e+00,1.8323e-01,-1.4877e+00,2.7809e-03,1.0403e-03
2.4675e+00,1.8403e-01,-1.4872e+00,2.7799e-03,1.0393e-03
2.4712e+00,1.8483e-01,-1.4866e+00,2.7789e-03,1.0382e-03
2.4750e+00,1.8563e-01,-1.4861e+00,2.7778e-03,1.0372e-03
2.4787e+00,1.8643e-01,-1.4855e+00,2.7768e-03,1.0361e-03
2.4825e+00,1.8724e-01,-1.4849e+00,2.7757e-03,1.0351e-03
2.4862e+00,1.8804e-01,-1.4844e+00,2.7747e-03,1.0340e-03
2.4900e+00,1.8885e-01,-1.4838e+00,2.7736e-03,1.0329e-03
2.4937e+00,1.8966e-01,-1.4833e+00,2.7726e-03,1.0319e-03
2.4975e+00,1.9048e-01,-1.4827e+00,2.7715e-03,1.0308e-03
2.5013e+00,1.9129e-01,-1.4822e+00,2.7705e-03,1.0298e-03
2.5050e+00,1.9211e-01,-1.4816e+00,2.7694e-03,1.0287e-03
2.5088e+00,1.9293e-01,-1.4811e+00,2.7684e-03,1.0276e-03
2.5125e+00,1.9375e-01,-1.4805e+00,2.7673e-03,1.0266e-03
2.5163e+00,1.9458e-01,-1.4799e+00,2.7663e-03,1.0255e-03
2.5200e+00,1.9540e-01,-1.4794e+00,2.7652e-03,1.0245e-03
2.5238e+00,1.9623e-01,-1.4788e+00,2.7641e-03,1.0234e-03
2.5275e+00,1.9706e-01,-1.4782e+00,2.7631e-03,1.0223e-03
2.5313e+00,1.9790e-01,-1.4777e+00,2.7620e-03,1.0213e-03
2.5350e+00,1.9873e-01,-1.4771e+00,2.7610e-03,1.0202e-03
2.5388e+00,1.9957e-01,-1.4766e+00,2.7599e-03,1.0191e-03
2.5425e+00,2.0041e-01,-1.4760e+00,2.7588e-03,1.0181e-03
2.5463e+00,2.0125e-01,-1.4754e+00,2.7578e-03,1.0170e-03
2.5500e+00,2.0209e-01,-1.4749e+00,2.7567e-03,1.0159e-03
2.5538e+00,2.0294e-01,-1.4743e+00,2.7557e-03,1.0149e-03
2.5575e+00,2.0379e-01,-1.4737e+00,2.7546e-03,1.0138e-03
2.5613e+00,2.0464e-01,-1.4732e+00,2.7535e-03,1.0127e-03
2.5650e+00,2.0549e-01,-1.4726e+00,2.7524e-03,1.0116e-03
2.5688e+00,2.0634e-01,-1.4720e+00,2.7514e-03,1.0106e-03
2.5725e+00,2.0720e-01,-1.4714e+00,2.7503e-03,1.0095e-03
2.5763e+00,2.0806e-01,-1.4709e+00,2.7492e-03,1.0084e-03
2.5800e+00,2.0892e-01,-1.4703e+00,2.7482e-03,1.0073e-03
2.5838e+00,2.0978e-01,-1.4697e+00,2.7471e-03,1.0063e-03
2.5875e+00,2.1065e-01,-1.4691e+00,2.7460e-03,1.0052e-03
2.5913e+00,2.1152e-01,-1.4686e+00,2.7449e-03,1.0041e-03
2.5950e+00,2.1239e-01,-1.4680e+00,2.7439e-03,1.0030e-03
2.5988e+00,2.1326e-01,-1.4674e+00,2.7428e-03,1.0020e-03
2.6025e+00,2.1413e-01,-1.4668e+00,2.7417e-03,1.0009e-03
2.6063e+00,2.1501e-01,-1.4663e+00,2.7406e-03,9.9979e-04
2.6100e+00,2.1589e-01,-1.4657e+00,2.7395e-03,9.9871e-04
2.6138e+00,2.1677e-01,-1.4651e+00,2.7384e-03,9.9763e-04
2.6175e+00,2.1765e-01,-1.4645e+00,2.7374e-03,9.9654e-04
2.6213e+00,2.1853e-01,-1.4639e+00,2.7363e-03,9.9546e-04
2.6250e+00,2.1942e-01,-1.4634e+00,2.7352e-03,9.9437e-04
2.6288e+00,2.2031e-01,-1.4628e+00,2.7341e-03,9.9329e-04
2.6325e+00,2.2120e-01,-1.4622e+00,2.7330e-03,9.9220e-04
2.6363e+00,2.2210e-01,-1.4616e+00,2.7319e-03,9.9111e-04
2.6400e+00,2.2299e-01,-1.4610e+00,2.7308e-03,9.9003e-04
2.6438e+00,2.2389e-01,-1.4604e+00,2.7297e-03,9.8894e-04
2.6475e+00,2.2479e-01,-1.4599e+00,2.7286e-03,9.8785e-04
2.6513e+00,2.2569e-01,-1.4593e+00,2.7276e-03,9.8676e-04
2.6550e+00,2.2660e-01,-1.4587e+00,2.7265e-03,9.8567e-04
2.6588e+00,2.2750e-01,-1.4581e+00,2.7254e-03,9.8457e-04
2.6625e+00,2.2841e-01,-1.4575e+00,2.7243e-03,9.8348e-04
2.6663e+00,2.2932e-01,-1.4569e+00,2.7232e-03,9.8239e-04
2.6700e+00,2.3024e-01,-1.4563e+00,2.7221e-03,9.8129e-04
2.6738e+00,2.3115e-01,-1.4557e+00,2.7210e-03,9.8020e-04
2.6775e+00,2.3207e-01,-1.4551e+00,2.7199e-03,9.7910e-04
2.6813e+00,2.3299e-01,-1.4545e+00,2.7188e-03,9.7801e-04
2.6850e+00,2.3391e-01,-1.4540e+00,2.7177e-03,9.7691e-04
2.6888e+00,2.3484e-01,-1.4534e+00,2.7166e-03,9.7581e-04
2.6925e+00,2.3576e-01,-1.4528e+00,2.7154e-03,9.7471e-04
2.6963e+00,2.3669e-01,-1.4522e+00,2.7143e-03,9.7361e-04
2.7000e+00,2.3762e-01,-1.4516e+00,2.7132e-03,9.7251e-04
2.7038e+00,2.3856e-01,-1.4510e+00,2.7121e-03,9.7141e-04
2.7075e+00,2.3949e-01,-1.4504e+00,2.7110e-03,9.7031e-04
2.7113e+00,2.4043e-01,-1.4498e+00,2.7099e-03,9.6921e-04
2.7150e+00,2.4137e-01,-1.4492e+00,2.7088e-03,9.6811e-04
2.7188e+00,2.4231e-01,-1.4486e+00,2.7077e-03,9.6700e-04
2.7225e+00,2.4326e-01,-1.4480e+00,2.7066e-03,9.6590e-04
2.7263e+00,2.4420e-01,-1.4474e+00,2.7054e-03,9.6480e-04
2.7300e+00,2.4515e-01,-1.4468e+00,2.7043e-03,9.6369e-04
2.7338e+00,2.4610e-01,-1.4462e+00,2.7032e-03,9.6258e-04
2.7375e+00,2.4705e-01,-1.4456e+00,2.7021e-03,9.6148e-04
2.7413e+00,2.4801e-01,-1.4450e+00,2.7010e-03,9.6037e-04
2.7450e+00,2.4897e-01,-1.4444e+00,2.6999e-03,9.5926e-04
2.7488e+00,2.4993e-01,-1.4437e+00,2.6987e-03,9.5815e-04
2.7525e+00,2.5089e-01,-1.4431e+00,2.6976e-03,9.5704e-04
2.7563e+00,2.5185e-01,-1.4425e+00,2.6965e-03,9.5593e-04
2.7600e+00,2.5282e-01,-1.4419e+00,2.6954e-03,9.5482e-04
2.7638e+00,2.5379e-01,-1.4413e+00,2.6942e-03,9.5371e-04
2.7675e+00,2.5476e-01,-1.4407e+00,2.6931e-03,9.5260e-04
2.7713e+00,2.5573e-01,-1.4401e+00,2.6920e-03,9.5149e-04
2.7750e+00,2.5671e-01,-1.4395e+00,2.6908e-03,9.5037e-04
2.7788e+00,2.5769e-01,-1.4389e+00,2.6897e-03,9.4926e-04
2.7825e+00,2.5867e-01,-1.4383e+00,2.6886e-03,9.4814e-04
2.7863e+00,2.5965e-01,-1.4376e+00,2.6874e-03,9.4703e-04
2.7900e+00,2.6063e-01,-1.4370e+00,2.6863e-03,9.4591e-04
2.7938e+00,2.6162e-01,-1.4364e+00,2.6852e-03,9.4479e-04
2.7975e+00,2.6261e-01,-1.4358e+00,2.6840e-03,9.4368e-04
2.8013e+00,2.6360e-01,-1.4352e+00,2.6829e-03,9.4256e-04
2.8050e+00,2.6459e-01,-1.4346e+00,2.6818e-03,9.4144e-04
2.8088e+00,2.6559e-01,-1.4339e+00,2.6806e-03,9.4032e-04
2.8125e+00,2.6658e-01,-1.4333e+00,2.6795e-03,9.3920e-04
2.8163e+00,2.6758e-01,-1.4327e+00,2.6783e-03,9.3808e-04
2.8200e+00,2.6859e-01,-1.4321e+00,2.6772e-03,9.3696e-04
2.8238e+00,2.6959e-01,-1.4315e+00,2.6761e-03,9.3584e-04
2.8275e+00,2.7060e-01,-1.4308e+00,2.6749e-03,9.3472e-04
2.8313e+00,2.7161e-01,-1.4302e+00,2.6738e-03,9.3359e-04
2.8350e+00,2.7262e-01,-1.4296e+00,2.6726e-03,9.3247e-04
2.8388e+00,2.7363e-01,-1.4290e+00,2.6715e-03,9.3135e-04
2.8425e+00,2.7465e-01,-1.4284e+00,2.6703e-03,9.3022e-04
2.8463e+00,2.7566e-01,-1.4277e+00,2.6692e-03,9.2910e-04
2.8500e+00,2.7668e-01,-1.4271e+00,2.6680e-03,9.2797e-04
2.8538e+00,2.7771e-01,-1.4265e+00,2.6669e-03,9.2684e-04
2.8575e+00,2.7873e-01,-1.4258e+00,2.6657e-03,9.2572e-04
2.8613e+00,2.7976e-01,-1.4252e+00,2.6646e-03,9.2459e-04
2.8650e+00,2.8079e-01,-1.4246e+00,2.6634e-03,9.2346e-04
2.8688e+00,2.8182e-01,-1.4240e+00,2.6622e-03,9.2233e-04
2.8725e+00,2.8285e-01,-1.4233e+00,2.6611e-03,9.2120e-04
2.8763e+00,2.8389e-01,-1.4227e+00,2.6599e-03,9.2007e-04
2.8800e+00,2.8493e-01,-1.4221e+00,2.6588e-03,9.1894e-04
2.8838e+00,2.8597e-01,-1.4214e+00,2.6576e-03,9.1781e-04
2.8875e+00,2.8701e-01,-1.4208e+00,2.6564e-03,9.1668e-04
2.8913e+00,2.8805e-01,-1.4202e+00,2.6553e-03,9.1555e-04
2.8950e+00,2.8910e-01,-1.4195e+00,2.6541e-03,9.1441e-04
2.8988e+00,2.9015e-01,-1.4189e+00,2.6529e-03,9.1328e-04
2.9025e+00,2.9120e-01,-1.4183e+00,2.6518e-03,9.1215e-04
2.9063e+00,2.9226e-01,-1.4176e+00,2.6506e-03,9.1101e-04
2.9100e+00,2.9331e-01,-1.4170e+00,2.6494e-03,9.0988e-04
2.9138e+00,2.9437e-01,-1.4164e+00,2.6483e-03,9.0874e-04
2.9175e+00,2.9543e-01,-1.4157e+00,2.6471e-03,9.0761e-04
2.9213e+00,2.9649e-01,-1.4151e+00,2.6459e-03,9.0647e-04
2.9250e+00,2.9756e-01,-1.4144e+00,2.6448e-03,9.0533e-04
2.9288e+00,2.9863e-01,-1.4138e+00,2.6436e-03,9.0419e-04
2.9325e+00,2.9970e-01,-1.4131e+00,2.6424e-03,9.0306e-04
2.9363e+00,3.0077e-01,-1.4125e+00,2.6412e-03,9.0192e-04
2.9400e+00,3.0184e-01,-1.4119e+00,2.6401e-03,9.0078e-04
2.9438e+00,3.0292e-01,-1.4112e+00,2.6389e-03,8.9964e-04
2.9475e+00,3.0400e-01,-1.4106e+00,2.6377e-03,8.9850e-04
2.9513e+00,3.0508e-01,-1.4099e+00,2.6365e-03,8.9736e-04
2.9550e+00,3.0616e-01,-1.4093e+00,2.6353e-03,8.9622e-04
2.9588e+00,3.0725e-01,-1.4086e+00,2.6341e-03,8.9507e-04
2.9625e+00,3.0834e-01,-1.4080e+00,2.6330e-03,8.9393e-04
2.9663e+00,3.0943e-01,-1.4073e+00,2.6318e-03,8.9279e-04
2.9700e+00,3.1052e-01,-1.4067e+00,2.6306e-03,8.9165e-04
2.9738e+00,3.1161e-01,-1.4060e+00,2.6294e-03,8.9050e-04
2.9775e+00,3.1271e-01,-1.4054e+00,2.6282e-03,8.8936e-04
2.9813e+00,3.1381e-01,-1.4047e+00,2.6270e-03,8.8821e-04
2.9850e+00,3.1491e-01,-1.4041e+00,2.6258e-03,8.8707e-04
2.9888e+00,3.1601e-01,-1.4034e+00,2.6246e-03,8.8592e-04
2.9925e+00,3.1712e-01,-1.4028e+00,2.6234e-03,8.8477e-04
2.9963e+00,3.1823e-01,-1.4021e+00,2.6222e-03,8.8363e-04
3.0000e+00,3.1934e-01,-1.4015e+00,2.6211e-03,8.8248e-04
3.0038e+00,3.2045e-01,-1.4008e+00,2.6199e-03,8.8133e-04
3.0075e+00,3.2157e-01,-1.4002e+00,2.6187e-03,8.8018e-04
3.0113e+00,3.2268e-01,-1.3995e+00,2.6175e-03,8.7904e-04
3.0150e+00,3.2380e-01,-1.3988e+00,2.6163e-03,8.7789e-04
3.0188e+00,3.2492e-01,-1.3982e+00,2.6151e-03,8.7674e-04
3.0225e+00,3.2605e-01,-1.3975e+00,2.6139e-03,8.7559e-04
3.0263e+00,3.2717e-01,-1.3969e+00,2.6126e-03,8.7444e-04
3.0300e+00,3.2830e-01,-1.3962e+00,2.6114e-03,8.7328e-04
3.0338e+00,3.2943e-01,-1.3955e+00,2.6102e-03,8.7213e-04
3.0375e+00,3.3057e-01,-1.3949e+00,2.6090e-03,8.7098e-04
3.0413e+00,3.3170e-01,-1.3942e+00,2.6078e-03,8.6983e-04
3.0450e+00,3.3284e-01,-1.3936e+00,2.6066e-03,8.6868e-04
3.0488e+00,3.3398e-01,-1.3929e+00,2.6054e-03,8.6752e-04
3.0525e+00,3.3512e-01,-1.3922e+00,2.6042e-03,8.6637e-04
3.0563e+00,3.3627e-01,-1.3916e+00,2.6030e-03,8.6521e-04
3.0600e+00,3.3741e-01,-1.3909e+00,2.6018e-03,8.6406e-04
3.0638e+00,3.3856e-01,-1.3902e+00,2.6005e-03,8.6290e-04
3.0675e+00,3.3972e-01,-1.3896e+00,2.5993e-03,8.6175e-04
3.0713e+00,3.4087e-01,-1.3889e+00,2.5981e-03,8.6059e-04
3.0750e+00,3.4203e-01,-1.3882e+00,2.5969e-03,8.5944e-04
3.0788e+00,3.4318e-01,-1.3876e+00,2.5957e-03,8.5828e-04
3.0825e+00,3.4434e-01,-1.3869e+00,2.5944e-03,8.5712e-04
3.0863e+00,3.4551e-01,-1.3862e+00,2.5932e-03,8.5597e-04
3.0900e+00,3.4667e-01,-1.3855e+00,2.5920e-03,8.5481e-04
3.0938e+00,3.4784e-01,-1.3849e+00,2.5908e-03,8.5365e-04
3.0975e+00,3.4901e-01,-1.3842e+00,2.5895e-03,8.5249e-04
3.1013e+00,3.5018e-01,-1.3835e+00,2.5883e-03,8.5133e-04
3.1050e+00,3.5136e-01,-1.3829e+00,2.5871e-03,8.5017e-04
3.1088e+00,3.5253e-01,-1.3822e+00,2.5859e-03,8.4901e-04
3.1125e+00,3.5371e-01,-1.3815e+00,2.5846e-03,8.4785e-04
3.1163e+00,3.5489e-01,-1.3808e+00,2.5834e-03,8.4669e-04
3.1200e+00,3.5607e-01,-1.3801e+00,2.5822e-03,8.4553e-04
3.1238e+00,3.5726e-01,-1.3795e+00,2.5809e-03,8.4437e-04
3.1275e+00,3.5845e-01,-1.3788e+00,2.5797e-03,8.4321e-04
3.1313e+00,3.5964e-01,-1.3781e+00,2.5785e-03,8.4204e-04
3.1350e+00,3.6083e-01,-1.3774e+00,2.5772e-03,8.4088e-04
3.1388e+00,3.6203e-01,-1.3768e+00,2.5760e-03,8.3972e-04
3.1425e+00,3.6322e-01,-1.3761e+00,2.5747e-03,8.3855e-04
3.1463e+00,3.6442e-01,-1.3754e+00,2.5735e-03,8.3739e-04
3.1500e+00,3.6562e-01,-1.3747e+00,2.5723e-03,8.3623e-04
3.1538e+00,3.6683e-01,-1.3740e+00,2.5710e-03,8.3506e-04
3.1575e+00,3.6803e-01,-1.3733e+00,2.5698e-03,8.3390e-04
3.1613e+00,3.6924e-01,-1.3727e+00,2.5685e-03,8.3273e-04
3.1650e+00,3.7045e-01,-1.3720e+00,2.5673e-03,8.3157e-04
3.1688e+00,3.7167e-01,-1.3713e+00,2.5660e-03,8.3040e-04
3.1725e+00,3.7288e-01,-1.3706e+00,2.5648e-03,8.2923e-04
3.1763e+00,3.7410e-01,-1.3699e+00,2.5635e-03,8.2807e-04
3.1800e+00,3.7532e-01,-1.3692e+00,2.5623e-03,8.2690e-04
3.1838e+00,3.7654e-01,-1.3685e+00,2.5610e-03,8.2573e-04
3.1875e+00,3.7777e-01,-1.3678e+00,2.5598e-03,8.2456e-04
3.1913e+00,3.7899e-01,-1.3671e+00,2.5585e-03,8.2340e-04
3.1950e+00,3.8022e-01,-1.3665e+00,2.5572e-03,8.2223e-04
3.1988e+00,3.8145e-01,-1.3658e+00,2.5560e-03,8.2106e-04
3.2025e+00,3.8269e-01,-1.3651e+00,2.5547e-03,8.1989e-04
3.2063e+00,3.8392e-01,-1.3644e+00,2.5535e-03,8.1872e-04
3.2100e+00,3.8516e-01,-1.3637e+00,2.5522e-03,8.1755e-04
3.2138e+00,3.8640e-01,-1.3630e+00,2.5509e-03,8.1638e-04
3.2175e+00,3.8764e-01,-1.3623e+00,2.5497e-03,8.1521e-04
3.2213e+00,3.8889e-01,-1.3616e+00,2.5484e-03,8.1404e-04
3.2250e+00,3.9014e-01,-1.3609e+00,2.5471e-03,8.1287e-04
3.2288e+00,3.9139e-01,-1.3602e+00,2.5459e-03,8.1170e-04
3.2325e+00,3.9264e-01,-1.3595e+00,2.5446e-03,8.1053e-04
3.2363e+00,3.9389e-01,-1.3588e+00,2.5433e-03,8.0935e-04
3.2400e+00,3.9515e-01,-1.3581e+00,2.5421e-03,8.0818e-04
3.2438e+00,3.9641e-01,-1.3574e+00,2.5408e-03,8.0701e-04
3.2475e+00,3.9767e-01,-1.3567e+00,2.5395e-03,8.0584e-04
3.2513e+00,3.9893e-01,-1.3560e+00,2.5382e-03,8.0466e-04
3.2550e+00,4.0020e-01,-1.3553e+00,2.5370e-03,8.0349e-04
3.2588e+00,4.0146e-01,-1.3546e+00,2.5357e-03,8.0232e-04
3.2625e+00,4.0273e-01,-1.3539e+00,2.5344e-03,8.0114e-04
3.2663e+00,4.0401e-01,-1.3532e+00,2.5331e-03,7.9997e-04
3.2700e+00,4.0528e-01,-1.3525e+00,2.5318e-03,7.9880e-04
3.2738e+00,4.0656e-01,-1.3518e+00,2.5305e-03,7.9762e-04
3.2775e+00,4.0784e-01,-1.3511e+00,2.5293e-03,7.9645e-04
3.2813e+00,4.0912e-01,-1.3504e+00,2.5280e-03,7.9527e-04
3.2850e+00,4.1040e-01,-1.3497e+00,2.5267e-03,7.9410e-04
3.2888e+00,4.1169e-01,-1.3490e+00,2.5254e-03,7.9292e-04
3.2925e+00,4.1298e-01,-1.3482e+00,2.5241e-03,7.9174e-04
3.2963e+00,4.1427e-01,-1.3475e+00,2.5228e-03,7.9057e-04
3.3000e+00,4.1556e-01,-1.3468e+00,2.5215e-03,7.8939e-04
3.3038e+00,4.1685e-01,-1.3461e+00,2.5202e-03,7.8821e-04
3.3075e+00,4.1815e-01,-1.3454e+00,2.5189e-03,7.8704e-04
3.3113e+00,4.1945e-01,-1.3447e+00,2.5176e-03,7.8586e-04
3.3150e+00,4.2075e-01,-1.3440e+00,2.5163e-03,7.8468e-04
3.3188e+00,4.2206e-01,-1.3433e+00,2.5150e-03,7.8351e-04
3.3225e+00,4.2336e-01,-1.3425e+00,2.5137e-03,7.8233e-04
3.3263e+00,4.2467e-01,-1.3418e+00,2.5124e-03,7.8115e-04
3.3300e+00,4.2598e-01,-1.3411e+00,2.5111e-03,7.7997e-04
3.3338e+00,4.2730e-01,-1.3404e+00,2.5098e-03,7.7879e-04
3.3375e+00,4.2861e-01,-1.3397e+00,2.5085e-03,7.7761e-04
3.3413e+00,4.2993e-01,-1.3390e+00,2.5072e-03,7.7644e-04
3.3450e+00,4.3125e-01,-1.3382e+00,2.5059e-03,7.7526e-04
3.3488e+00,4.3257e-01,-1.3375e+00,2.5046e-03,7.7408e-04
3.3525e+00,4.3390e-01,-1.3368e+00,2.5033e-03,7.7290e-04
3.3563e+00,4.3523e-01,-1.3361e+00,2.5020e-03,7.7172e-04
3.3600e+00,4.3655e-01,-1.3354e+00,2.5006e-03,7.7054e-04
3.3638e+00,4.3789e-01,-1.3346e+00,2.4993e-03,7.6936e-04
3.3675e+00,4.3922e-01,-1.3339e+00,2.4980e-03,7.6818e-04
3.3713e+00,4.4056e-01,-1.3332e+00,2.4967e-03,7.6700e-04
3.3750e+00,4.4189e-01,-1.3325e+00,2.4954e-03,7.6582e-04
3.3788e+00,4.4323e-01,-1.3317e+00,2.4940e-03,7.6463e-04
3.3825e+00,4.4458e-01,-1.3310e+00,2.4927e-03,7.6345e-04
3.3863e+00,4.4592e-01,-1.3303e+00,2.4914e-03,7.6227e-04
3.3900e+00,4.4727e-01,-1.3296e+00,2.4901e-03,7.6109e-04
3.3938e+00,4.4862e-01,-1.3288e+00,2.4887e-03,7.5991e-04
3.3975e+00,4.4997e-01,-1.3281e+00,2.4874e-03,7.5873e-04
3.4013e+00,4.5133e-01,-1.3274e+00,2.4861e-03,7.5755e-04
3.4050e+00,4.5268e-01,-1.3267e+00,2.4847e-03,7.5636e-04
3.4088e+00,4.5404e-01,-1.3259e+00,2.4834e-03,7.5518e-04
3.4125e+00,4.5540e-01,-1.3252e+00,2.4821e-03,7.5400e-04
3.4163e+00,4.5677e-01,-1.3245e+00,2.4807e-03,7.5282e-04
3.4200e+00,4.5813e-01,-1.3237e+00,2.4794e-03,7.5163e-04
3.4238e+00,4.5950e-01,-1.3230e+00,2.4781e-03,7.5045e-04
3.4275e+00,4.6087e-01,-1.3223e+00,2.4767e-03,7.4927e-04
3.4313e+00,4.6224e-01,-1.3215e+00,2.4754e-03,7.4808e-04
3.4350e+00,4.6361e-01,-1.3208e+00,2.4740e-03,7.4690e-04
3.4388e+00,4.6499e-01,-1.3201e+00,2.4727e-03,7.4572e-04
3.4425e+00,4.6637e-01,-1.3193e+00,2.4713e-03,7.4453e-04
3.4463e+00,4.6775e-01,-1.3186e+00,2.4700e-03,7.4335e-04
3.4500e+00,4.6914e-01,-1.3179e+00,2.4687e-03,7.4216e-04
3.4538e+00,4.7052e-01,-1.3171e+00,2.4673e-03,7.4098e-04
3.4575e+00,4.7191e-01,-1.3164e+00,2.4659e-03,7.3980e-04
3.4613e+00,4.7330e-01,-1.3156e+00,2.4646e-03,7.3861e-04
3.4650e+00,4.7469e-01,-1.3149e+00,2.4632e-03,7.3743e-04
3.4688e+00,4.7609e-01,-1.3142e+00,2.4619e-03,7.3624e-04
3.4725e+00,4.7748e-01,-1.3134e+00,2.4605e-03,7.3506e-04
3.4763e+00,4.7888e-01,-1.3127e+00,2.4592e-03,7.3387e-04
3.4800e+00,4.8028e-01,-1.3119e+00,2.4578e-03,7.3269e-04
3.4838e+00,4.8169e-01,-1.3112e+00,2.4564e-03,7.3150e-04
3.4875e+00,4.8309e-01,-1.3104e+00,2.4551e-03,7.3032e-04
3.4913e+00,4.8450e-01,-1.3097e+00,2.4537e-03,7.2913e-04
3.4950e+00,4.8591e-01,-1.3090e+00,2.4523e-03,7.2795e-04
3.4988e+00,4.8733e-01,-1.3082e+00,2.4510e-03,7.2676e-04
3.5025e+00,4.8874e-01,-1.3075e+00,2.4496e-03,7.2558e-04
3.5063e+00,4.9016e-01,-1.3067e+00,2.4482e-03,7.2439e-04
3.5100e+00,4.9158e-01,-1.3060e+00,2.4469e-03,7.2321e-04
3.5138e+00,4.9300e-01,-1.3052e+00,2.4455e-03,7.2202e-04
3.5175e+00,4.9442e-01,-1.3045e+00,2.4441e-03,7.2084e-04
3.5213e+00,4.9585e-01,-1.3037e+00,2.4427e-03,7.1965e-04
3.5250e+00,4.9728e-01,-1.3030e+00,2.4413e-03,7.1846e-04
3.5288e+00,4.9871e-01,-1.3022e+00,2.4400e-03,7.1728e-04
3.5325e+00,5.0014e-01,-1.3015e+00,2.4386e-03,7.1609e-04
3.5363e+00,5.0158e-01,-1.3007e+00,2.4372e-03,7.1491e-04
3.5400e+00,5.0301e-01,-1.3000e+00,2.4358e-03,7.1372e-04
3.5438e+00,5.0445e-01,-1.2992e+00,2.4344e-03,7.1253e-04
3.5475e+00,5.0589e-01,-1.2985e+00,2.4330e-03,7.1135e-04
3.5513e+00,5.0734e-01,-1.2977e+00,2.4316e-03,7.1016e-04
3.5550e+00,5.0879e-01,-1.2969e+00,2.4302e-03,7.0897e-04
3.5588e+00,5.1023e-01,-1.2962e+00,2.4288e-03,7.0779e-04
3.5625e+00,5.1168e-01,-1.2954e+00,2.4274e-03,7.0660e-04
3.5663e+00,5.1314e-01,-1.2947e+00,2.4260e-03,7.0542e-04
3.5700e+00,5.1459e-01,-1.2939e+00,2.4246e-03,7.0423e-04
3.5738e+00,5.1605e-01,-1.2932e+00,2.4232e-03,7.0304e-04
3.5775e+00,5.1751e-01,-1.2924e+00,2.4218e-03,7.0186e-04
3.5813e+00,5.1897e-01,-1.2916e+00,2.4204e-03,7.0067e-04
3.5850e+00,5.2043e-01,-1.2909e+00,2.4190e-03,6.9948e-04
3.5888e+00,5.2190e-01,-1.2901e+00,2.4176e-03,6.9830e-04
3.5925e+00,5.2337e-01,-1.2894e+00,2.4162e-03,6.9711e-04
3.5963e+00,5.2484e-01,-1.2886e+00,2.4148e-03,6.9592e-04
3.6000e+00,5.2631e-01,-1.2878e+00,2.4134e-03,6.9474e-04
3.6038e+00,5.2779e-01,-1.2871e+00,2.4120e-03,6.9355e-04
3.6075e+00,5.2927e-01,-1.2863e+00,2.4106e-03,6.9236e-04
3.6113e+00,5.3074e-01,-1.2855e+00,2.4091e-03,6.9118e-04
3.6150e+00,5.3223e-01,-1.2848e+00,2.4077e-03,6.8999e-04
3.6188e+00,5.3371e-01,-1.2840e+00,2.4063e-03,6.8880e-04
3.6225e+00,5.3520e-01,-1.2832e+00,2.4049e-03,6.8762e-04
3.6263e+00,5.3668e-01,-1.2825e+00,2.4034e-03,6.8643e-04
3.6300e+00,5.3817e-01,-1.2817e+00,2.4020e-03,6.8524e-04
3.6338e+00,5.3967e-01,-1.2809e+00,2.4006e-03,6.8406e-04
3.6375e+00,5.4116e-01,-1.2802e+00,2.3992e-03,6.8287e-04
3.6413e+00,5.4266e-01,-1.2794e+00,2.3977e-03,6.8168e-04
3.6450e+00,5.4416e-01,-1.2786e+00,2.3963e-03,6.8050e-04
3.6488e+00,5.4566e-01,-1.2779e+00,2.3949e-03,6.7931e-04
3.6525e+00,5.4716e-01,-1.2771e+00,2.3934e-03,6.7812e-04
3.6563e+00,5.4867e-01,-1.2763e+00,2.3920e-03,6.7694e-04
3.6600e+00,5.5018e-01,-1.2755e+00,2.3905e-03,6.7575e-04
3.6638e+00,5.5169e-01,-1.2748e+00,2.3891e-03,6.7457e-04
3.6675e+00,5.5320e-01,-1.2740e+00,2.3876e-03,6.7338e-04
3.6713e+00,5.5471e-01,-1.2732e+00,2.3862e-03,6.7219e-04
3.6750e+00,5.5623e-01,-1.2724e+00,2.3848e-03,6.7101e-04
3.6788e+00,5.5775e-01,-1.2717e+00,2.3833e-03,6.6982e-04
3.6825e+00,5.5927e-01,-1.2709e+00,2.3819e-03,6.6864e-04
3.6863e+00,5.6079e-01,-1.2701e+00,2.3804e-03,6.6745e-04
3.6900e+00,5.6232e-01,-1.2693e+00,2.3789e-03,6.6626e-04
3.6938e+00,5.6385e-01,-1.2685e+00,2.3775e-03,6.6508e-04
3.6975e+00,5.6538e-01,-1.2678e+00,2.3760e-03,6.6389e-04
3.7013e+00,5.6691e-01,-1.2670e+00,2.3746e-03,6.6271e-04
3.7050e+00,5.6844e-01,-1.2662e+00,2.3731e-03,6.6152e-04
3.7088e+00,5.6998e-01,-1.2654e+00,2.3716e-03,6.6034e-04
3.7125e+00,5.7152e-01,-1.2646e+00,2.3702e-03,6.5915e-04
3.7163e+00,5.7306e-01,-1.2639e+00,2.3687e-03,6.5796e-04
3.7200e+00,5.7460e-01,-1.2631e+00,2.3672e-03,6.5678e-04
3.7238e+00,5.7614e-01,-1.2623e+00,2.3657e-03,6.5559e-04
3.7275e+00,5.7769e-01,-1.2615e+00,2.3643e-03,6.5441e-04
3.7313e+00,5.7924e-01,-1.2607e+00,2.3628e-03,6.5322e-04
3.7350e+00,5.8079e-01,-1.2599e+00,2.3613e-03,6.5204e-04
3.7388e+00,5.8234e-01,-1.2591e+00,2.3598e-03,6.5086e-04
3.7425e+00,5.8390e-01,-1.2584e+00,2.3584e-03,6.4967e-04
3.7463e+00,5.8546e-01,-1.2576e+00,2.3569e-03,6.4849e-04
3.7500e+00,5.8702e-01,-1.2568e+00,2.3554e-03,6.4730e-04
3.7538e+00,5.8858e-01,-1.2560e+00,2.3539e-03,6.4612e-04
3.7575e+00,5.9014e-01,-1.2552e+00,2.3524e-03,6.4493e-04
3.7613e+00,5.9171e-01,-1.2544e+00,2.3509e-03,6.4375e-04
3.7650e+00,5.9328e-01,-1.2536e+00,2.3494e-03,6.4257e-04
3.7688e+00,5.9485e-01,-1.2528e+00,2.3479e-03,6.4138e-04
3.7725e+00,5.9642e-01,-1.2520e+00,2.3464e-03,6.4020e-04
3.7763e+00,5.9800e-01,-1.2512e+00,2.3449e-03,6.3902e-04
3.7800e+00,5.9957e-01,-1.2505e+00,2.3434e-03,6.3783e-04
3.7838e+00,6.0115e-01,-1.2497e+00,2.3419e-03,6.3665e-04
3.7875e+00,6.0273e-01,-1.2489e+00,2.3404e-03,6.3547e-04
3.7913e+00,6.0432e-01,-1.2481e+00,2.3389e-03,6.3428e-04
3.7950e+00,6.0590e-01,-1.2473e+00,2.3374e-03,6.3310e-04
3.7988e+00,6.0749e-01,-1.2465e+00,2.3359e-03,6.3192e-04
3.8025e+00,6.0908e-01,-1.2457e+00,2.3343e-03,6.3074e-04
3.8063e+00,6.1067e-01,-1.2449e+00,2.3328e-03,6.2955e-04
3.8100e+00,6.1226e-01,-1.2441e+00,2.3313e-03,6.2837e-04
3.8138e+00,6.1386e-01,-1.2433e+00,2.3298e-03,6.2719e-04
3.8175e+00,6.1546e-01,-1.2425e+00,2.3283e-03,6.2601e-04
3.8213e+00,6.1706e-01,-1.2417e+00,2.3267e-03,6.2483e-04
3.8250e+00,6.1866e-01,-1.2409e+00,2.3252e-03,6.2364e-04
3.8288e+00,6.2026e-01,-1.2401e+00,2.3237e-03,6.2246e-04
3.8325e+00,6.2187e-01,-1.2393e+00,2.3221e-03,6.2128e-04
3.8363e+00,6.2348e-01,-1.2385e+00,2.3206e-03,6.2010e-04
3.8400e+00,6.2509e-01,-1.2377e+00,2.3191e-03,6.1892e-04
3.8438e+00,6.2670e-01,-1.2369e+00,2.3175e-03,6.1774e-04
3.8475e+00,6.2832e-01,-1.2361e+00,2.3160e-03,6.1656e-04
3.8513e+00,6.2993e-01,-1.2353e+00,2.3144e-03,6.1538e-04
3.8550e+00,6.3155e-01,-1.2345e+00,2.3129e-03,6.1420e-04
3.8588e+00,6.3317e-01,-1.2336e+00,2.3114e-03,6.1302e-04
3.8625e+00,6.3480e-01,-1.2328e+00,2.3098e-03,6.1184e-04
3.8663e+00,6.3642e-01,-1.2320e+00,2.3083e-03,6.1066e-04
3.8700e+00,6.3805e-01,-1.2312e+00,2.3067e-03,6.0948e-04
3.8738e+00,6.3968e-01,-1.2304e+00,2.3052e-03,6.0831e-04
3.8775e+00,6.4131e-01,-1.2296e+00,2.3036e-03,6.0713e-04
3.8813e+00,6.4294e-01,-1.2288e+00,2.3021e-03,6.0595e-04
3.8850e+00,6.4458e-01,-1.2280e+00,2.3005e-03,6.0477e-04
3.8888e+00,6.4621e-01,-1.2272e+00,2.2989e-03,6.0359e-04
3.8925e+00,6.4785e-01,-1.2264e+00,2.2974e-03,6.0242e-04
3.8963e+00,6.4949e-01,-1.2256e+00,2.2958e-03,6.0124e-04
3.9000e+00,6.5114e-01,-1.2247e+00,2.2943e-03,6.0006e-04
3.9038e+00,6.5278e-01,-1.2239e+00,2.2927e-03,5.9889e-04
3.9075e+00,6.5443e-01,-1.2231e+00,2.2911e-03,5.9771e-04
3.9113e+00,6.5608e-01,-1.2223e+00,2.2896e-03,5.9653e-04
3.9150e+00,6.5773e-01,-1.2215e+00,2.2880e-03,5.9536e-04
3.9188e+00,6.5939e-01,-1.2207e+00,2.2865e-03,5.9418e-04
3.9225e+00,6.6104e-01,-1.2199e+00,2.2849e-03,5.9301e-04
3.9263e+00,6.6270e-01,-1.2190e+00,2.2833e-03,5.9183e-04
3.9300e+00,6.6436e-01,-1.2182e+00,2.2817e-03,5.9066e-04
3.9338e+00,6.6602e-01,-1.2174e+00,2.2802e-03,5.8948e-04
3.9375e+00,6.6769e-01,-1.2166e+00,2.2786e-03,5.8831e-04
3.9413e+00,6.6935e-01,-1.2158e+00,2.2770e-03,5.8713e-04
3.9450e+00,6.7102e-01,-1.2149e+00,2.2755e-03,5.8596e-04
3.9488e+00,6.7269e-01,-1.2141e+00,2.2739e-03,5.8479e-04
3.9525e+00,6.7436e-01,-1.2133e+00,2.2723e-03,5.8361e-04
3.9563e+00,6.7604e-01,-1.2125e+00,2.2707e-03,5.8244e-04
3.9600e+00,6.7771e-01,-1.2117e+00,2.2691e-03,5.8127e-04
3.9638e+00,6.7939e-01,-1.2108e+00,2.2676e-03,5.8009e-04
3.9675e+00,6.8107e-01,-1.2100e+00,2.2660e-03,5.7892e-04
3.9713e+00,6.8275e-01,-1.2092e+00,2.2644e-03,5.7775e-04
3.9750e+00,6.8443e-01,-1.2084e+00,2.2628e-03,5.7658e-04
3.9788e+00,6.8612e-01,-1.2075e+00,2.2612e-03,5.7541e-04
3.9825e+00,6.8781e-01,-1.2067e+00,2.2596e-03,5.7424e-04
3.9863e+00,6.8950e-01,-1.2059e+00,2.2581e-03,5.7307e-04
3.9900e+00,6.9119e-01,-1.2051e+00,2.2565e-03,5.7190e-04
3.9938e+00,6.9288e-01,-1.2042e+00,2.2549e-03,5.7073e-04
3.9975e+00,6.9458e-01,-1.2034e+00,2.2533e-03,5.6956e-04
4.0013e+00,6.9628e-01,-1.2026e+00,2.2517e-03,5.6839e-04
4.0050e+00,6.9798e-01,-1.2017e+00,2.2501e-03,5.6722e-04
4.0088e+00,6.9968e-01,-1.2009e+00,2.2485e-03,5.6605e-04
4.0125e+00,7.0138e-01,-1.2001e+00,2.2469e-03,5.6488e-04
4.0163e+00,7.0309e-01,-1.1992e+00,2.2453e-03,5.6371e-04
4.0200e+00,7.0480e-01,-1.1984e+00,2.2437e-03,5.6255e-04
4.0238e+00,7.0651e-01,-1.1976e+00,2.2421e-03,5.6138e-04
4.0275e+00,7.0822e-01,-1.1968e+00,2.2405e-03,5.6021e-04
4.0313e+00,7.0993e-01,-1.1959e+00,2.2389e-03,5.5905e-04
4.0350e+00,7.1165e-01,-1.1951e+00,2.2373e-03,5.5788e-04
4.0388e+00,7.1336e-01,-1.1942e+00,2.2357e-03,5.5672e-04
4.0425e+00,7.1508e-01,-1.1934e+00,2.2341e-03,5.5555e-04
4.0463e+00,7.1680e-01,-1.1926e+00,2.2325e-03,5.5438e-04
4.0500e+00,7.1853e-01,-1.1917e+00,2.2309e-03,5.5322e-04
4.0538e+00,7.2025e-01,-1.1909e+00,2.2292e-03,5.5206e-04
4.0575e+00,7.2198e-01,-1.1901e+00,2.2276e-03,5.5089e-04
4.0613e+00,7.2371e-01,-1.1892e+00,2.2260e-03,5.4973e-04
4.0650e+00,7.2544e-01,-1.1884e+00,2.2244e-03,5.4857e-04
4.0688e+00,7.2717e-01,-1.1876e+00,2.2228e-03,5.4740e-04
4.0725e+00,7.2891e-01,-1.1867e+00,2.2212e-03,5.4624e-04
4.0763e+00,7.3065e-01,-1.1859e+00,2.2195e-03,5.4508e-04
4.0800e+00,7.3239e-01,-1.1850e+00,2.2179e-03,5.4392e-04
4.0838e+00,7.3413e-01,-1.1842e+00,2.2163e-03,5.4275e-04
4.0875e+00,7.3587e-01,-1.1833e+00,2.2147e-03,5.4159e-04
4.0913e+00,7.3761e-01,-1.1825e+00,2.2131e-03,5.4043e-04
4.0950e+00,7.3936e-01,-1.1817e+00,2.2114e-03,5.3927e-04
4.0988e+00,7.4111e-01,-1.1808e+00,2.2098e-03,5.3811e-04
4.1025e+00,7.4286e-01,-1.1800e+00,2.2082e-03,5.3695e-04
4.1063e+00,7.4461e-01,-1.1791e+00,2.2065e-03,5.3580e-04
4.1100e+00,7.4637e-01,-1.1783e+00,2.2049e-03,5.3464e-04
4.1138e+00,7.4812e-01,-1.1774e+00,2.2033e-03,5.3348e-04
4.1175e+00,7.4988e-01,-1.1766e+00,2.2017e-03,5.3232e-04
4.1213e+00,7.5164e-01,-1.1757e+00,2.2000e-03,5.3116e-04
4.1250e+00,7.5340e-01,-1.1749e+00,2.1984e-03,5.3001e-04
4.1288e+00,7.5516e-01,-1.1741e+00,2.1967e-03,5.2885e-04
4.1325e+00,7.5693e-01,-1.1732e+00,2.1951e-03,5.2769e-04
4.1363e+00,7.5870e-01,-1.1724e+00,2.1935e-03,5.2654e-04
4.1400e+00,7.6047e-01,-1.1715e+00,2.1918e-03,5.2538e-04
4.1438e+00,7.6224e-01,-1.1707e+00,2.1902e-03,5.2423e-04
4.1475e+00,7.6401e-01,-1.1698e+00,2.1885e-03,5.2308e-04
4.1513e+00,7.6579e-01,-1.1690e+00,2.1869e-03,5.2192e-04
4.1550e+00,7.6756e-01,-1.1681e+00,2.1853e-03,5.2077e-04
4.1588e+00,7.6934e-01,-1.1672e+00,2.1836e-03,5.1962e-04
4.1625e+00,7.7112e-01,-1.1664e+00,2.1820e-03,5.1846e-04
4.1663e+00,7.7291e-01,-1.1655e+00,2.1803e-03,5.1731e-04
4.1700e+00,7.7469e-01,-1.1647e+00,2.1787e-03,5.1616e-04
4.1738e+00,7.7648e-01,-1.1638e+00,2.1770e-03,5.1501e-04
4.1775e+00,7.7826e-01,-1.1630e+00,2.1754e-03,5.1386e-04
4.1813e+00,7.8005e-01,-1.1621e+00,2.1737e-03,5.1271e-04
4.1850e+00,7.8185e-01,-1.1613e+00,2.1720e-03,5.1156e-04
4.1888e+00,7.8364e-01,-1.1604e+00,2.1704e-03,5.1041e-04
4.1925e+00,7.8543e-01,-1.1595e+00,2.1687e-03,5.0926e-04
4.1963e+00,7.8723e-01,-1.1587e+00,2.1671e-03,5.0811e-04
4.2000e+00,7.8903e-01,-1.1578e+00,2.1654e-03,5.0696e-04
4.2038e+00,7.9083e-01,-1.1570e+00,2.1637e-03,5.0582e-04
4.2075e+00,7.9263e-01,-1.1561e+00,2.1621e-03,5.0467e-04
4.2113e+00,7.9444e-01,-1.1553e+00,2.1604e-03,5.0352e-04
4.2150e+00,7.9625e-01,-1.1544e+00,2.1588e-03,5.0238e-04
4.2188e+00,7.9805e-01,-1.1535e+00,2.1571e-03,5.0123e-04
4.2225e+00,7.9986e-01,-1.1527e+00,2.1554e-03,5.0009e-04
4.2263e+00,8.0168e-01,-1.1518e+00,2.1537e-03,4.9894e-04
4.2300e+00,8.0349e-01,-1.1509e+00,2.1521e-03,4.9780e-04
4.2338e+00,8.0531e-01,-1.1501e+00,2.1504e-03,4.9666e-04
4.2375e+00,8.0712e-01,-1.1492e+00,2.1487e-03,4.9551e-04
4.2413e+00,8.0894e-01,-1.1484e+00,2.1471e-03,4.9437e-04
4.2450e+00,8.1076e-01,-1.1475e+00,2.1454e-03,4.9323e-04
4.2488e+00,8.1259e-01,-1.1466e+00,2.1437e-03,4.9209e-04
4.2525e+00,8.1441e-01,-1.1458e+00,2.1420e-03,4.9095e-04
4.2563e+00,8.1624e-01,-1.1449e+00,2.1403e-03,4.8981e-04
4.2600e+00,8.1806e-01,-1.1440e+00,2.1387e-03,4.8867e-04
4.2638e+00,8.1989e-01,-1.1432e+00,2.1370e-03,4.8753e-04
4.2675e+00,8.2173e-01,-1.1423e+00,2.1353e-03,4.8639e-04
4.2713e+00,8.2356e-01,-1.1414e+00,2.1336e-03,4.8525e-04
4.2750e+00,8.2539e-01,-1.1405e+00,2.1319e-03,4.8411e-04
4.2788e+00,8.2723e-01,-1.1397e+00,2.1302e-03,4.8297e-04
4.2825e+00,8.2907e-01,-1.1388e+00,2.1285e-03,4.8184e-04
4.2863e+00,8.3091e-01,-1.1379e+00,2.1269e-03,4.8070e-04
4.2900e+00,8.3275e-01,-1.1371e+00,2.1252e-03,4.7957e-04
4.2938e+00,8.3460e-01,-1.1362e+00,2.1235e-03,4.7843e-04
4.2975e+00,8.3644e-01,-1.1353e+00,2.1218e-03,4.7730e-04
4.3013e+00,8.3829e-01,-1.1344e+00,2.1201e-03,4.7616e-04
4.3050e+00,8.4014e-01,-1.1336e+00,2.1184e-03,4.7503e-04
4.3088e+00,8.4199e-01,-1.1327e+00,2.1167e-03,4.7390e-04
4.3125e+00,8.4384e-01,-1.1318e+00,2.1150e-03,4.7277e-04
4.3163e+00,8.4570e-01,-1.1309e+00,2.1133e-03,4.7163e-04
4.3200e+00,8.4755e-01,-1.1301e+00,2.1116e-03,4.7050e-04
4.3238e+00,8.4941e-01,-1.1292e+00,2.1099e-03,4.6937e-04
4.3275e+00,8.5127e-01,-1.1283e+00,2.1082e-03,4.6824e-04
4.3313e+00,8.5313e-01,-1.1274e+00,2.1065e-03,4.6711e-04
4.3350e+00,8.5499e-01,-1.1266e+00,2.1048e-03,4.6598e-04
4.3388e+00,8.5686e-01,-1.1257e+00,2.1031e-03,4.6486e-04
4.3425e+00,8.5873e-01,-1.1248e+00,2.1013e-03,4.6373e-04
4.3463e+00,8.6059e-01,-1.1239e+00,2.0996e-03,4.6260e-04
4.3500e+00,8.6246e-01,-1.1231e+00,2.0979e-03,4.6147e-04
4.3538e+00,8.6434e-01,-1.1222e+00,2.0962e-03,4.6035e-04
4.3575e+00,8.6621e-01,-1.1213e+00,2.0945e-03,4.5922e-04
4.3613e+00,8.6808e-01,-1.1204e+00,2.0928e-03,4.5810e-04
4.3650e+00,8.6996e-01,-1.1195e+00,2.0911e-03,4.5698e-04
4.3688e+00,8.7184e-01,-1.1186e+00,2.0893e-03,4.5585e-04
4.3725e+00,8.7372e-01,-1.1178e+00,2.0876e-03,4.5473e-04
4.3763e+00,8.7560e-01,-1.1169e+00,2.0859e-03,4.5361e-04
4.3800e+00,8.7748e-01,-1.1160e+00,2.0842e-03,4.5249e-04
4.3838e+00,8.7937e-01,-1.1151e+00,2.0824e-03,4.5136e-04
4.3875e+00,8.8126e-01,-1.1142e+00,2.0807e-03,4.5024e-04
4.3913e+00,8.8314e-01,-1.1133e+00,2.0790e-03,4.4912e-04
4.3950e+00,8.8503e-01,-1.1125e+00,2.0773e-03,4.4801e-04
4.3988e+00,8.8693e-01,-1.1116e+00,2.0755e-03,4.4689e-04
4.4025e+00,8.8882e-01,-1.1107e+00,2.0738e-03,4.4577e-04
4.4063e+00,8.9071e-01,-1.1098e+00,2.0721e-03,4.4465e-04
4.4100e+00,8.9261e-01,-1.1089e+00,2.0703e-03,4.4354e-04
4.4138e+00,8.9451e-01,-1.1080e+00,2.0686e-03,4.4242e-04
4.4175e+00,8.9641e-01,-1.1071e+00,2.0669e-03,4.4130e-04
4.4213e+00,8.9831e-01,-1.1062e+00,2.0651e-03,4.4019e-04
4.4250e+00,9.0021e-01,-1.1053e+00,2.0634e-03,4.3908e-04
4.4288e+00,9.0212e-01,-1.1045e+00,2.0616e-03,4.3796e-04
4.4325e+00,9.0402e-01,-1.1036e+00,2.0599e-03,4.3685e-04
4.4363e+00,9.0593e-01,-1.1027e+00,2.0582e-03,4.3574e-04
4.4400e+00,9.0784e-01,-1.1018e+00,2.0564e-03,4.3463e-04
4.4438e+00,9.0975e-01,-1.1009e+00,2.0547e-03,4.3351e-04
4.4475e+00,9.1167e-01,-1.1000e+00,2.0529e-03,4.3240e-04
4.4513e+00,9.1358e-01,-1.0991e+00,2.0512e-03,4.3130e-04
4.4550e+00,9.1550e-01,-1.0982e+00,2.0494e-03,4.3019e-04
4.4588e+00,9.1741e-01,-1.0973e+00,2.0477e-03,4.2908e-04
4.4625e+00,9.1933e-01,-1.0964e+00,2.0459e-03,4.2797e-04
4.4663e+00,9.2125e-01,-1.0955e+00,2.0442e-03,4.2686e-04
4.4700e+00,9.2318e-01,-1.0946e+00,2.0424e-03,4.2576e-04
4.4738e+00,9.2510e-01,-1.0937e+00,2.0407e-03,4.2465e-04
4.4775e+00,9.2702e-01,-1.0928e+00,2.0389e-03,4.2355e-04
4.4813e+00,9.2895e-01,-1.0919e+00,2.0371e-03,4.2244e-04
4.4850e+00,9.3088e-01,-1.0910e+00,2.0354e-03,4.2134e-04
4.4888e+00,9.3281e-01,-1.0901e+00,2.0336e-03,4.2024e-04
4.4925e+00,9.3474e-01,-1.0892e+00,2.0319e-03,4.1914e-04
4.4963e+00,9.3668e-01,-1.0883e+00,2.0301e-03,4.1804e-04
4.5000e+00,9.3861e-01,-1.0875e+00,2.0283e-03,4.1693e-04
4.5038e+00,9.4055e-01,-1.0866e+00,2.0266e-03,4.1583e-04
4.5075e+00,9.4248e-01,-1.0856e+00,2.0248e-03,4.1474e-04
4.5113e+00,9.4442e-01,-1.0847e+00,2.0230e-03,4.1364e-04
4.5150e+00,9.4636e-01,-1.0838e+00,2.0212e-03,4.1254e-04
4.5188e+00,9.4831e-01,-1.0829e+00,2.0195e-03,4.1144e-04
4.5225e+00,9.5025e-01,-1.0820e+00,2.0177e-03,4.1035e-04
4.5263e+00,9.5220e-01,-1.0811e+00,2.0159e-03,4.0925e-04
4.5300e+00,9.5414e-01,-1.0802e+00,2.0141e-03,4.0816e-04
4.5338e+00,9.5609e-01,-1.0793e+00,2.0124e-03,4.0706e-04
4.5375e+00,9.5804e-01,-1.0784e+00,2.0106e-03,4.0597e-04
4.5413e+00,9.5999e-01,-1.0775e+00,2.0088e-03,4.0488e-04
4.5450e+00,9.6195e-01,-1.0766e+00,2.0070e-03,4.0378e-04
4.5488e+00,9.6390e-01,-1.0757e+00,2.0052e-03,4.0269e-04
4.5525e+00,9.6586e-01,-1.0748e+00,2.0035e-03,4.0160e-04
4.5563e+00,9.6781e-01,-1.0739e+00,2.0017e-03,4.0051e-04
4.5600e+00,9.6977e-01,-1.0730e+00,1.9999e-03,3.9942e-04
4.5638e+00,9.7173e-01,-1.0721e+00,1.9981e-03,3.9834e-04
4.5675e+00,9.7370e-01,-1.0712e+00,1.9963e-03,3.9725e-04
4.5713e+00,9.7566e-01,-1.0703e+00,1.9945e-03,3.9616e-04
4.5750e+00,9.7762e-01,-1.0694e+00,1.9927e-03,3.9508e-04
4.5788e+00,9.7959e-01,-1.0684e+00,1.9909e-03,3.9399e-04
4.5825e+00,9.8156e-01,-1.0675e+00,1.9891e-03,3.9291e-04
4.5863e+00,9.8353e-01,-1.0666e+00,1.9873e-03,3.9182e-04
4.5900e+00,9.8550e-01,-1.0657e+00,1.9855e-03,3.9074e-04
4.5938e+00,9.8747e-01,-1.0648e+00,1.9837e-03,3.8966e-04
4.5975e+00,9.8944e-01,-1.0639e+00,1.9819e-03,3.8858e-04
4.6013e+00,9.9142e-01,-1.0630e+00,1.9801e-03,3.8750e-04
4.6050e+00,9.9339e-01,-1.0621e+00,1.9783e-03,3.8642e-04
4.6088e+00,9.9537e-01,-1.0612e+00,1.9765e-03,3.8534e-04
4.6125e+00,9.9735e-01,-1.0602e+00,1.9747e-03,3.8426e-04
4.6163e+00,9.9933e-01,-1.0593e+00,1.9729e-03,3.8318e-04
4.6200e+00,1.0013e+00,-1.0584e+00,1.9711e-03,3.8210e-04
4.6238e+00,1.0033e+00,-1.0575e+00,1.9693e-03,3.8103e-04
4.6275e+00,1.0053e+00,-1.0566e+00,1.9675e-03,3.7995e-04
4.6313e+00,1.0073e+00,-1.0557e+00,1.9656e-03,3.7888e-04
4.6350e+00,1.0093e+00,-1.0548e+00,1.9638e-03,3.7781e-04
4.6388e+00,1.0112e+00,-1.0538e+00,1.9620e-03,3.7673e-04
4.6425e+00,1.0132e+00,-1.0529e+00,1.9602e-03,3.7566e-04
4.6463e+00,1.0152e+00,-1.0520e+00,1.9584e-03,3.7459e-04
4.6500e+00,1.0172e+00,-1.0511e+00,1.9566e-03,3.7352e-04
4.6538e+00,1.0192e+00,-1.0502e+00,1.9547e-03,3.7245e-04
4.6575e+00,1.0212e+00,-1.0492e+00,1.9529e-03,3.7138e-04
4.6613e+00,1.0232e+00,-1.0483e+00,1.9511e-03,3.7031e-04
4.6650e+00,1.0252e+00,-1.0474e+00,1.9493e-03,3.6925e-04
4.6688e+00,1.0272e+00,-1.0465e+00,1.9474e-03,3.6818e-04
4.6725e+00,1.0292e+00,-1.0456e+00,1.9456e-03,3.6712e-04
4.6763e+00,1.0312e+00,-1.0446e+00,1.9438e-03,3.6605e-04
4.6800e+00,1.0332e+00,-1.0437e+00,1.9419e-03,3.6499e-04
4.6838e+00,1.0352e+00,-1.0428e+00,1.9401e-03,3.6392e-04
4.6875e+00,1.0372e+00,-1.0419e+00,1.9383e-03,3.6286e-04
4.6913e+00,1.0392e+00,-1.0410e+00,1.9364e-03,3.6180e-04
4.6950e+00,1.0412e+00,-1.0400e+00,1.9346e-03,3.6074e-04
4.6988e+00,1.0432e+00,-1.0391e+00,1.9327e-03,3.5968e-04
4.7025e+00,1.0453e+00,-1.0382e+00,1.9309e-03,3.5862e-04
4.7063e+00,1.0473e+00,-1.0373e+00,1.9291e-03,3.5757e-04
4.7100e+00,1.0493e+00,-1.0363e+00,1.9272e-03,3.5651e-04
4.7138e+00,1.0513e+00,-1.0354e+00,1.9254e-03,3.5545e-04
4.7175e+00,1.0533e+00,-1.0345e+00,1.9235e-03,3.5440e-04
4.7213e+00,1.0553e+00,-1.0336e+00,1.9217e-03,3.5334e-04
4.7250e+00,1.0574e+00,-1.0326e+00,1.9198e-03,3.5229e-04
4.7288e+00,1.0594e+00,-1.0317e+00,1.9180e-03,3.5124e-04
4.7325e+00,1.0614e+00,-1.0308e+00,1.9161e-03,3.5018e-04
4.7363e+00,1.0634e+00,-1.0298e+00,1.9143e-03,3.4913e-04
4.7400e+00,1.0654e+00,-1.0289e+00,1.9124e-03,3.4808e-04
4.7438e+00,1.0675e+00,-1.0280e+00,1.9105e-03,3.4703e-04
4.7475e+00,1.0695e+00,-1.0271e+00,1.9087e-03,3.4599e-04
4.7513e+00,1.0715e+00,-1.0261e+00,1.9068e-03,3.4494e-04
4.7550e+00,1.0736e+00,-1.0252e+00,1.9050e-03,3.4389e-04
4.7588e+00,1.0756e+00,-1.0243e+00,1.9031e-03,3.4285e-04
4.7625e+00,1.0776e+00,-1.0233e+00,1.9012e-03,3.4180e-04
4.7663e+00,1.0796e+00,-1.0224e+00,1.8994e-03,3.4076e-04
4.7700e+00,1.0817e+00,-1.0215e+00,1.8975e-03,3.3972e-04
4.7738e+00,1.0837e+00,-1.0205e+00,1.8956e-03,3.3867e-04
4.7775e+00,1.0858e+00,-1.0196e+00,1.8938e-03,3.3763e-04
4.7813e+00,1.0878e+00,-1.0187e+00,1.8919e-03,3.3659e-04
4.7850e+00,1.0898e+00,-1.0177e+00,1.8900e-03,3.3555e-04
4.7888e+00,1.0919e+00,-1.0168e+00,1.8881e-03,3.3451e-04
4.7925e+00,1.0939e+00,-1.0159e+00,1.8863e-03,3.3348e-04
4.7963e+00,1.0960e+00,-1.0149e+00,1.8844e-03,3.3244e-04
4.8000e+00,1.0980e+00,-1.0140e+00,1.8825e-03,3.3140e-04
4.8038e+00,1.1000e+00,-1.0131e+00,1.8806e-03,3.3037e-04
4.8075e+00,1.1021e+00,-1.0121e+00,1.8787e-03,3.2934e-04
4.8113e+00,1.1041e+00,-1.0112e+00,1.8768e-03,3.2830e-04
4.8150e+00,1.1062e+00,-1.0103e+00,1.8750e-03,3.2727e-04
4.8188e+00,1.1082e+00,-1.0093e+00,1.8731e-03,3.2624e-04
4.8225e+00,1.1103e+00,-1.0084e+00,1.8712e-03,3.2521e-04
4.8263e+00,1.1123e+00,-1.0075e+00,1.8693e-03,3.2418e-04
4.8300e+00,1.1144e+00,-1.0065e+00,1.8674e-03,3.2315e-04
4.8338e+00,1.1164e+00,-1.0056e+00,1.8655e-03,3.2213e-04
4.8375e+00,1.1185e+00,-1.0046e+00,1.8636e-03,3.2110e-04
4.8413e+00,1.1205e+00,-1.0037e+00,1.8617e-03,3.2007e-04
4.8450e+00,1.1226e+00,-1.0028e+00,1.8598e-03,3.1905e-04
4.8488e+00,1.1247e+00,-1.0018e+00,1.8579e-03,3.1803e-04
4.8525e+00,1.1267e+00,-1.0009e+00,1.8560e-03,3.1700e-04
4.8563e+00,1.1288e+00,-9.9994e-01,1.8541e-03,3.1598e-04
4.8600e+00,1.1308e+00,-9.9899e-01,1.8522e-03,3.1496e-04
4.8638e+00,1.1329e+00,-9.9805e-01,1.8503e-03,3.1394e-04
4.8675e+00,1.1350e+00,-9.9711e-01,1.8484e-03,3.1292e-04
4.8713e+00,1.1370e+00,-9.9617e-01,1.8465e-03,3.1190e-04
4.8750e+00,1.1391e+00,-9.9522e-01,1.8446e-03,3.1089e-04
4.8788e+00,1.1412e+00,-9.9428e-01,1.8426e-03,3.0987e-04
4.8825e+00,1.1432e+00,-9.9334e-01,1.8407e-03,3.0886e-04
4.8863e+00,1.1453e+00,-9.9239e-01,1.8388e-03,3.0784e-04
4.8900e+00,1.1474e+00,-9.9145e-01,1.8369e-03,3.0683e-04
4.8938e+00,1.1494e+00,-9.9051e-01,1.8350e-03,3.0582e-04
4.8975e+00,1.1515e+00,-9.8956e-01,1.8331e-03,3.0481e-04
4.9013e+00,1.1536e+00,-9.8861e-01,1.8311e-03,3.0380e-04
4.9050e+00,1.1557e+00,-9.8767e-01,1.8292e-03,3.0279e-04
4.9088e+00,1.1577e+00,-9.8672e-01,1.8273e-03,3.0178e-04
4.9125e+00,1.1598e+00,-9.8578e-01,1.8254e-03,3.0077e-04
4.9163e+00,1.1619e+00,-9.8483e-01,1.8234e-03,2.9977e-04
4.9200e+00,1.1640e+00,-9.8388e-01,1.8215e-03,2.9876e-04
4.9238e+00,1.1660e+00,-9.8293e-01,1.8196e-03,2.9776e-04
4.9275e+00,1.1681e+00,-9.8199e-01,1.8176e-03,2.9676e-04
4.9313e+00,1.1702e+00,-9.8104e-01,1.8157e-03,2.9575e-04
4.9350e+00,1.1723e+00,-9.8009e-01,1.8138e-03,2.9475e-04
4.9388e+00,1.1744e+00,-9.7914e-01,1.8118e-03,2.9375e-04
4.9425e+00,1.1764e+00,-9.7819e-01,1.8099e-03,2.9275e-04
4.9463e+00,1.1785e+00,-9.7724e-01,1.8079e-03,2.9176e-04
4.9500e+00,1.1806e+00,-9.7629e-01,1.8060e-03,2.9076e-04
4.9538e+00,1.1827e+00,-9.7534e-01,1.8040e-03,2.8976e-04
4.9575e+00,1.1848e+00,-9.7439e-01,1.8021e-03,2.8877e-04
4.9613e+00,1.1869e+00,-9.7344e-01,1.8002e-03,2.8778e-04
4.9650e+00,1.1890e+00,-9.7249e-01,1.7982e-03,2.8678e-04
4.9688e+00,1.1910e+00,-9.7153e-01,1.7963e-03,2.8579e-04
4.9725e+00,1.1931e+00,-9.7058e-01,1.7943e-03,2.8480e-04
4.9763e+00,1.1952e+00,-9.6963e-01,1.7923e-03,2.8381e-04
4.9800e+00,1.1973e+00,-9.6868e-01,1.7904e-03,2.8282e-04
4.9838e+00,1.1994e+00,-9.6772e-01,1.7884e-03,2.8183e-04
4.9875e+00,1.2015e+00,-9.6677e-01,1.7865e-03,2.8085e-04
4.9913e+00,1.2036e+00,-9.6582e-01,1.7845e-03,2.7986e-04
4.9950e+00,1.2057e+00,-9.6486e-01,1.7825e-03,2.7888e-04
4.9988e+00,1.2078e+00,-9.6391e-01,1.7806e-03,2.7789e-04
5.0025e+00,1.2099e+00,-9.6295e-01,1.7786e-03,2.7691e-04
5.0063e+00,1.2120e+00,-9.6200e-01,1.7766e-03,2.7593e-04
5.0100e+00,1.2141e+00,-9.6104e-01,1.7747e-03,2.7495e-04
5.0138e+00,1.2162e+00,-9.6008e-01,1.7727e-03,2.7397e-04
5.0175e+00,1.2183e+00,-9.5913e-01,1.7707e-03,2.7299e-04
5.0213e+00,1.2204e+00,-9.5817e-01,1.7687e-03,2.7202e-04
5.0250e+00,1.2225e+00,-9.5721e-01,1.7668e-03,2.7104e-04
5.0288e+00,1.2246e+00,-9.5626e-01,1.7648e-03,2.7007e-04
5.0325e+00,1.2267e+00,-9.5530e-01,1.7628e-03,2.6909e-04
5.0363e+00,1.2288e+00,-9.5434e-01,1.7608e-03,2.6812e-04
5.0400e+00,1.2309e+00,-9.5338e-01,1.7588e-03,2.6715e-04
5.0438e+00,1.2330e+00,-9.5242e-01,1.7568e-03,2.6618e-04
5.0475e+00,1.2351e+00,-9.5146e-01,1.7549e-03,2.6521e-04
5.0513e+00,1.2372e+00,-9.5051e-01,1.7529e-03,2.6424e-04
5.0550e+00,1.2393e+00,-9.4955e-01,1.7509e-03,2.6327e-04
5.0588e+00,1.2414e+00,-9.4859e-01,1.7489e-03,2.6231e-04
5.0625e+00,1.2436e+00,-9.4763e-01,1.7469e-03,2.6134e-04
5.0663e+00,1.2457e+00,-9.4666e-01,1.7449e-03,2.6038e-04
5.0700e+00,1.2478e+00,-9.4570e-01,1.7429e-03,2.5942e-04
5.0738e+00,1.2499e+00,-9.4474e-01,1.7409e-03,2.5845e-04
5.0775e+00,1.2520e+00,-9.4378e-01,1.7389e-03,2.5749e-04
5.0813e+00,1.2541e+00,-9.4282e-01,1.7369e-03,2.5653e-04
5.0850e+00,1.2562e+00,-9.4186e-01,1.7349e-03,2.5558e-04
5.0888e+00,1.2583e+00,-9.4089e-01,1.7329e-03,2.5462e-04
5.0925e+00,1.2605e+00,-9.3993e-01,1.7309e-03,2.5366e-04
5.0963e+00,1.2626e+00,-9.3897e-01,1.7289e-03,2.5271e-04
5.1000e+00,1.2647e+00,-9.3801e-01,1.7269e-03,2.5175e-04
5.1038e+00,1.2668e+00,-9.3704e-01,1.7249e-03,2.5080e-04
5.1075e+00,1.2689e+00,-9.3608e-01,1.7229e-03,2.4985e-04
5.1113e+00,1.2710e+00,-9.3511e-01,1.7208e-03,2.4890e-04
5.1150e+00,1.2732e+00,-9.3415e-01,1.7188e-03,2.4795e-04
5.1188e+00,1.2753e+00,-9.3318e-01,1.7168e-03,2.4700e-04
5.1225e+00,1.2774e+00,-9.3222e-01,1.7148e-03,2.4605e-04
5.1263e+00,1.2795e+00,-9.3125e-01,1.7128e-03,2.4511e-04
5.1300e+00,1.2816e+00,-9.3029e-01,1.7108e-03,2.4416e-04
5.1338e+00,1.2838e+00,-9.2932e-01,1.7087e-03,2.4322e-04
5.1375e+00,1.2859e+00,-9.2835e-01,1.7067e-03,2.4228e-04
5.1413e+00,1.2880e+00,-9.2739e-01,1.7047e-03,2.4134e-04
5.1450e+00,1.2901e+00,-9.2642e-01,1.7027e-03,2.4040e-04
5.1488e+00,1.2923e+00,-9.2545e-01,1.7006e-03,2.3946e-04
5.1525e+00,1.2944e+00,-9.2449e-01,1.6986e-03,2.3852e-04
5.1563e+00,1.2965e+00,-9.2352e-01,1.6966e-03,2.3758e-04
5.1600e+00,1.2986e+00,-9.2255e-01,1.6945e-03,2.3665e-04
5.1638e+00,1.3008e+00,-9.2158e-01,1.6925e-03,2.3571e-04
5.1675e+00,1.3029e+00,-9.2061e-01,1.6905e-03,2.3478e-04
5.1713e+00,1.3050e+00,-9.1964e-01,1.6884e-03,2.3385e-04
5.1750e+00,1.3071e+00,-9.1867e-01,1.6864e-03,2.3292e-04
5.1788e+00,1.3093e+00,-9.1771e-01,1.6843e-03,2.3199e-04
5.1825e+00,1.3114e+00,-9.1674e-01,1.6823e-03,2.3106e-04
5.1863e+00,1.3135e+00,-9.1577e-01,1.6802e-03,2.3013e-04
5.1900e+00,1.3157e+00,-9.1480e-01,1.6782e-03,2.2920e-04
5.1938e+00,1.3178e+00,-9.1382e-01,1.6761e-03,2.2828e-04
5.1975e+00,1.3199e+00,-9.1285e-01,1.6741e-03,2.2736e-04
5.2013e+00,1.3220e+00,-9.1188e-01,1.6720e-03,2.2643e-04
5.2050e+00,1.3242e+00,-9.1091e-01,1.6700e-03,2.2551e-04
5.2088e+00,1.3263e+00,-9.0994e-01,1.6679e-03,2.2459e-04
5.2125e+00,1.3284e+00,-9.0897e-01,1.6659e-03,2.2367e-04
5.2163e+00,1.3306e+00,-9.0800e-01,1.6638e-03,2.2276e-04
5.2200e+00,1.3327e+00,-9.0702e-01,1.6618e-03,2.2184e-04
5.2238e+00,1.3348e+00,-9.0605e-01,1.6597e-03,2.2092e-04
5.2275e+00,1.3370e+00,-9.0508e-01,1.6576e-03,2.2001e-04
5.2313e+00,1.3391e+00,-9.0410e-01,1.6556e-03,2.1910e-04
5.2350e+00,1.3412e+00,-9.0313e-01,1.6535e-03,2.1818e-04
5.2388e+00,1.3434e+00,-9.0216e-01,1.6514e-03,2.1727e-04
5.2425e+00,1.3455e+00,-9.0118e-01,1.6493e-03,2.1636e-04
5.2463e+00,1.3477e+00,-9.0021e-01,1.6473e-03,2.1546e-04
5.2500e+00,1.3498e+00,-8.9923e-01,1.6452e-03,2.1455e-04
5.2538e+00,1.3519e+00,-8.9826e-01,1.6431e-03,2.1364e-04
5.2575e+00,1.3541e+00,-8.9728e-01,1.6410e-03,2.1274e-04
5.2613e+00,1.3562e+00,-8.9631e-01,1.6389e-03,2.1184e-04
5.2650e+00,1.3583e+00,-8.9533e-01,1.6368e-03,2.1094e-04
5.2688e+00,1.3605e+00,-8.9436e-01,1.6348e-03,2.1003e-04
5.2725e+00,1.3626e+00,-8.9338e-01,1.6327e-03,2.0914e-04
5.2763e+00,1.3648e+00,-8.9241e-01,1.6306e-03,2.0824e-04
5.2800e+00,1.3669e+00,-8.9143e-01,1.6285e-03,2.0734e-04
5.2838e+00,1.3690e+00,-8.9045e-01,1.6264e-03,2.0644e-04
5.2875e+00,1.3712e+00,-8.8948e-01,1.6243e-03,2.0555e-04
5.2913e+00,1.3733e+00,-8.8850e-01,1.6222e-03,2.0466e-04
5.2950e+00,1.3755e+00,-8.8752e-01,1.6201e-03,2.0376e-04
5.2988e+00,1.3776e+00,-8.8654e-01,1.6180e-03,2.0287e-04
5.3025e+00,1.3797e+00,-8.8557e-01,1.6159e-03,2.0198e-04
5.3063e+00,1.3819e+00,-8.8459e-01,1.6138e-03,2.0110e-04
5.3100e+00,1.3840e+00,-8.8361e-01,1.6116e-03,2.0021e-04
5.3138e+00,1.3862e+00,-8.8263e-01,1.6095e-03,1.9932e-04
5.3175e+00,1.3883e+00,-8.8165e-01,1.6074e-03,1.9844e-04
5.3213e+00,1.3904e+00,-8.8067e-01,1.6053e-03,1.9756e-04
5.3250e+00,1.3926e+00,-8.7970e-01,1.6032e-03,1.9667e-04
5.3288e+00,1.3947e+00,-8.7872e-01,1.6010e-03,1.9579e-04
5.3325e+00,1.3969e+00,-8.7774e-01,1.5989e-03,1.9492e-04
5.3363e+00,1.3990e+00,-8.7676e-01,1.5968e-03,1.9404e-04
5.3400e+00,1.4012e+00,-8.7578e-01,1.5947e-03,1.9316e-04
5.3438e+00,1.4033e+00,-8.7480e-01,1.5925e-03,1.9229e-04
5.3475e+00,1.4054e+00,-8.7382e-01,1.5904e-03,1.9141e-04
5.3513e+00,1.4076e+00,-8.7284e-01,1.5882e-03,1.9054e-04
5.3550e+00,1.4097e+00,-8.7185e-01,1.5861e-03,1.8967e-04
5.3588e+00,1.4119e+00,-8.7087e-01,1.5840e-03,1.8880e-04
5.3625e+00,1.4140e+00,-8.6989e-01,1.5818e-03,1.8793e-04
5.3663e+00,1.4162e+00,-8.6891e-01,1.5797e-03,1.8706e-04
5.3700e+00,1.4183e+00,-8.6793e-01,1.5775e-03,1.8619e-04
5.3738e+00,1.4204e+00,-8.6695e-01,1.5754e-03,1.8533e-04
5.3775e+00,1.4226e+00,-8.6597e-01,1.5732e-03,1.8447e-04
5.3813e+00,1.4247e+00,-8.6498e-01,1.5710e-03,1.8360e-04
5.3850e+00,1.4269e+00,-8.6400e-01,1.5689e-03,1.8274e-04
5.3888e+00,1.4290e+00,-8.6302e-01,1.5667e-03,1.8188e-04
5.3925e+00,1.4312e+00,-8.6204e-01,1.5645e-03,1.8102e-04
5.3963e+00,1.4333e+00,-8.6105e-01,1.5624e-03,1.8017e-04
5.4000e+00,1.4355e+00,-8.6007e-01,1.5602e-03,1.7931e-04
5.4038e+00,1.4376e+00,-8.5909e-01,1.5580e-03,1.7846e-04
5.4075e+00,1.4397e+00,-8.5810e-01,1.5558e-03,1.7760e-04
5.4113e+00,1.4419e+00,-8.5712e-01,1.5536e-03,1.7675e-04
5.4150e+00,1.4440e+00,-8.5614e-01,1.5515e-03,1.7590e-04
5.4188e+00,1.4462e+00,-8.5515e-01,1.5493e-03,1.7505e-04
5.4225e+00,1.4483e+00,-8.5417e-01,1.5471e-03,1.7420e-04
5.4263e+00,1.4505e+00,-8.5318e-01,1.5449e-03,1.7336e-04
5.4300e+00,1.4526e+00,-8.5220e-01,1.5427e-03,1.7251e-04
5.4338e+00,1.4547e+00,-8.5122e-01,1.5405e-03,1.7167e-04
5.4375e+00,1.4569e+00,-8.5023e-01,1.5383e-03,1.7083e-04
5.4413e+00,1.4590e+00,-8.4925e-01,1.5361e-03,1.6999e-04
5.4450e+00,1.4612e+00,-8.4826e-01,1.5339e-03,1.6915e-04
5.4488e+00,1.4633e+00,-8.4728e-01,1.5317e-03,1.6831e-04
5.4525e+00,1.4655e+00,-8.4629e-01,1.5294e-03,1.6747e-04
5.4563e+00,1.4676e+00,-8.4530e-01,1.5272e-03,1.6664e-04
5.4600e+00,1.4697e+00,-8.4432e-01,1.5250e-03,1.6580e-04
5.4638e+00,1.4719e+00,-8.4333e-01,1.5228e-03,1.6497e-04
5.4675e+00,1.4740e+00,-8.4235e-01,1.5205e-03,1.6414e-04
5.4713e+00,1.4762e+00,-8.4136e-01,1.5183e-03,1.6331e-04
5.4750e+00,1.4783e+00,-8.4037e-01,1.5161e-03,1.6248e-04
5.4788e+00,1.4805e+00,-8.3939e-01,1.5138e-03,1.6165e-04
5.4825e+00,1.4826e+00,-8.3840e-01,1.5116e-03,1.6083e-04
5.4863e+00,1.4847e+00,-8.3741e-01,1.5093e-03,1.6000e-04
5.4900e+00,1.4869e+00,-8.3643e-01,1.5071e-03,1.5918e-04
5.4938e+00,1.4890e+00,-8.3544e-01,1.5048e-03,1.5836e-04
5.4975e+00,1.4912e+00,-8.3445e-01,1.5026e-03,1.5754e-04
5.5013e+00,1.4933e+00,-8.3347e-01,1.5003e-03,1.5672e-04
5.5050e+00,1.4954e+00,-8.3248e-01,1.4980e-03,1.5590e-04
5.5088e+00,1.4976e+00,-8.3149e-01,1.4958e-03,1.5509e-04
5.5125e+00,1.4997e+00,-8.3050e-01,1.4935e-03,1.5427e-04
5.5163e+00,1.5019e+00,-8.2952e-01,1.4912e-03,1.5346e-04
5.5200e+00,1.5040e+00,-8.2853e-01,1.4889e-03,1.5265e-04
5.5238e+00,1.5061e+00,-8.2754e-01,1.4867e-03,1.5184e-04
5.5275e+00,1.5083e+00,-8.2655e-01,1.4844e-03,1.5103e-04
5.5313e+00,1.5104e+00,-8.2556e-01,1.4821e-03,1.5022e-04
5.5350e+00,1.5125e+00,-8.2457e-01,1.4798e-03,1.4941e-04
5.5388e+00,1.5147e+00,-8.2359e-01,1.4775e-03,1.4861e-04
5.5425e+00,1.5168e+00,-8.2260e-01,1.4752e-03,1.4781e-04
5.5463e+00,1.5189e+00,-8.2161e-01,1.4729e-03,1.4701e-04
5.5500e+00,1.5211e+00,-8.2062e-01,1.4706e-03,1.4620e-04
5.5538e+00,1.5232e+00,-8.1963e-01,1.4682e-03,1.4541e-04
5.5575e+00,1.5254e+00,-8.1864e-01,1.4659e-03,1.4461e-04
5.5613e+00,1.5275e+00,-8.1765e-01,1.4636e-03,1.4381e-04
5.5650e+00,1.5296e+00,-8.1666e-01,1.4613e-03,1.4302e-04
5.5688e+00,1.5317e+00,-8.1567e-01,1.4589e-03,1.4223e-04
5.5725e+00,1.5339e+00,-8.1468e-01,1.4566e-03,1.4143e-04
5.5763e+00,1.5360e+00,-8.1370e-01,1.4543e-03,1.4064e-04
5.5800e+00,1.5381e+00,-8.1271e-01,1.4519e-03,1.3986e-04
5.5838e+00,1.5403e+00,-8.1172e-01,1.4496e-03,1.3907e-04
5.5875e+00,1.5424e+00,-8.1073e-01,1.4472e-03,1.3828e-04
5.5913e+00,1.5445e+00,-8.0974e-01,1.4448e-03,1.3750e-04
5.5950e+00,1.5467e+00,-8.0875e-01,1.4425e-03,1.3672e-04
5.5988e+00,1.5488e+00,-8.0776e-01,1.4401e-03,1.3594e-04
5.6025e+00,1.5509e+00,-8.0677e-01,1.4377e-03,1.3516e-04
5.6063e+00,1.5530e+00,-8.0578e-01,1.4354e-03,1.3438e-04
5.6100e+00,1.5552e+00,-8.0479e-01,1.4330e-03,1.3360e-04
5.6138e+00,1.5573e+00,-8.0380e-01,1.4306e-03,1.3283e-04
5.6175e+00,1.5594e+00,-8.0281e-01,1.4282e-03,1.3205e-04
5.6213e+00,1.5615e+00,-8.0181e-01,1.4258e-03,1.3128e-04
5.6250e+00,1.5637e+00,-8.0082e-01,1.4234e-03,1.3051e-04
5.6288e+00,1.5658e+00,-7.9983e-01,1.4210e-03,1.2974e-04
5.6325e+00,1.5679e+00,-7.9884e-01,1.4186e-03,1.2898e-04
5.6363e+00,1.5700e+00,-7.9785e-01,1.4162e-03,1.2821e-04
5.6400e+00,1.5721e+00,-7.9686e-01,1.4137e-03,1.2745e-04
5.6438e+00,1.5743e+00,-7.9587e-01,1.4113e-03,1.2668e-04
5.6475e+00,1.5764e+00,-7.9488e-01,1.4089e-03,1.2592e-04
5.6513e+00,1.5785e+00,-7.9389e-01,1.4064e-03,1.2516e-04
5.6550e+00,1.5806e+00,-7.9290e-01,1.4040e-03,1.2440e-04
5.6588e+00,1.5827e+00,-7.9191e-01,1.4015e-03,1.2365e-04
5.6625e+00,1.5848e+00,-7.9092e-01,1.3991e-03,1.2289e-04
5.6663e+00,1.5870e+00,-7.8992e-01,1.3966e-03,1.2214e-04
5.6700e+00,1.5891e+00,-7.8893e-01,1.3942e-03,1.2139e-04
5.6738e+00,1.5912e+00,-7.8794e-01,1.3917e-03,1.2064e-04
5.6775e+00,1.5933e+00,-7.8695e-01,1.3892e-03,1.1989e-04
5.6813e+00,1.5954e+00,-7.8596e-01,1.3867e-03,1.1914e-04
5.6850e+00,1.5975e+00,-7.8497e-01,1.3842e-03,1.1840e-04
5.6888e+00,1.5996e+00,-7.8398e-01,1.3817e-03,1.1765e-04
5.6925e+00,1.6017e+00,-7.8299e-01,1.3792e-03,1.1691e-04
5.6963e+00,1.6038e+00,-7.8200e-01,1.3767e-03,1.1617e-04
5.7000e+00,1.6059e+00,-7.8100e-01,1.3742e-03,1.1543e-04
5.7038e+00,1.6080e+00,-7.8001e-01,1.3717e-03,1.1469e-04
5.7075e+00,1.6101e+00,-7.7902e-01,1.3692e-03,1.1396e-04
5.7113e+00,1.6122e+00,-7.7803e-01,1.3666e-03,1.1322e-04
5.7150e+00,1.6143e+00,-7.7704e-01,1.3641e-03,1.1249e-04
5.7188e+00,1.6164e+00,-7.7605e-01,1.3615e-03,1.1176e-04
5.7225e+00,1.6185e+00,-7.7506e-01,1.3590e-03,1.1103e-04
5.7263e+00,1.6206e+00,-7.7406e-01,1.3564e-03,1.1030e-04
5.7300e+00,1.6227e+00,-7.7307e-01,1.3539e-03,1.0958e-04
5.7338e+00,1.6248e+00,-7.7208e-01,1.3513e-03,1.0885e-04
5.7375e+00,1.6269e+00,-7.7109e-01,1.3487e-03,1.0813e-04
5.7413e+00,1.6290e+00,-7.7010e-01,1.3462e-03,1.0741e-04
5.7450e+00,1.6311e+00,-7.6911e-01,1.3436e-03,1.0669e-04
5.7488e+00,1.6332e+00,-7.6812e-01,1.3410e-03,1.0597e-04
5.7525e+00,1.6353e+00,-7.6713e-01,1.3384e-03,1.0525e-04
5.7563e+00,1.6374e+00,-7.6613e-01,1.3358e-03,1.0454e-04
5.7600e+00,1.6394e+00,-7.6514e-01,1.3332e-03,1.0382e-04
5.7638e+00,1.6415e+00,-7.6415e-01,1.3306e-03,1.0311e-04
5.7675e+00,1.6436e+00,-7.6316e-01,1.3280e-03,1.0240e-04
5.7713e+00,1.6457e+00,-7.6217e-01,1.3253e-03,1.0170e-04
5.7750e+00,1.6478e+00,-7.6118e-01,1.3227e-03,1.0099e-04
5.7788e+00,1.6499e+00,-7.6019e-01,1.3201e-03,1.0028e-04
5.7825e+00,1.6519e+00,-7.5920e-01,1.3174e-03,9.9581e-05
5.7863e+00,1.6540e+00,-7.5820e-01,1.3148e-03,9.8880e-05
5.7900e+00,1.6561e+00,-7.5721e-01,1.3121e-03,9.8180e-05
5.7938e+00,1.6582e+00,-7.5622e-01,1.3095e-03,9.7482e-05
5.7975e+00,1.6602e+00,-7.5523e-01,1.3068e-03,9.6786e-05
5.8013e+00,1.6623e+00,-7.5424e-01,1.3042e-03,9.6092e-05
5.8050e+00,1.6644e+00,-7.5325e-01,1.3015e-03,9.5399e-05
5.8088e+00,1.6664e+00,-7.5226e-01,1.2988e-03,9.4708e-05
5.8125e+00,1.6685e+00,-7.5127e-01,1.2961e-03,9.4018e-05
5.8163e+00,1.6706e+00,-7.5028e-01,1.2934e-03,9.3331e-05
5.8200e+00,1.6726e+00,-7.4929e-01,1.2907e-03,9.2645e-05
5.8238e+00,1.6747e+00,-7.4830e-01,1.2880e-03,9.1961e-05
5.8275e+00,1.6767e+00,-7.4731e-01,1.2853e-03,9.1278e-05
5.8313e+00,1.6788e+00,-7.4632e-01,1.2826e-03,9.0597e-05
5.8350e+00,1.6808e+00,-7.4533e-01,1.2799e-03,8.9918e-05
5.8388e+00,1.6829e+00,-7.4434e-01,1.2772e-03,8.9241e-05
5.8425e+00,1.6849e+00,-7.4335e-01,1.2744e-03,8.8565e-05
5.8463e+00,1.6870e+00,-7.4236e-01,1.2717e-03,8.7892e-05
5.8500e+00,1.6890e+00,-7.4137e-01,1.2689e-03,8.7220e-05
5.8538e+00,1.6911e+00,-7.4038e-01,1.2662e-03,8.6549e-05
5.8575e+00,1.6931e+00,-7.3939e-01,1.2634e-03,8.5881e-05
5.8613e+00,1.6952e+00,-7.3840e-01,1.2607e-03,8.5214e-05
5.8650e+00,1.6972e+00,-7.3741e-01,1.2579e-03,8.4549e-05
5.8688e+00,1.6992e+00,-7.3642e-01,1.2551e-03,8.3886e-05
5.8725e+00,1.7013e+00,-7.3543e-01,1.2523e-03,8.3224e-05
5.8763e+00,1.7033e+00,-7.3444e-01,1.2495e-03,8.2565e-05
5.8800e+00,1.7054e+00,-7.3345e-01,1.2467e-03,8.1907e-05
5.8838e+00,1.7074e+00,-7.3246e-01,1.2439e-03,8.1251e-05
5.8875e+00,1.7094e+00,-7.3147e-01,1.2411e-03,8.0596e-05
5.8913e+00,1.7114e+00,-7.3049e-01,1.2382e-03,7.9944e-05
5.8950e+00,1.7135e+00,-7.2950e-01,1.2354e-03,7.9293e-05
5.8988e+00,1.7155e+00,-7.2851e-01,1.2326e-03,7.8644e-05
5.9025e+00,1.7175e+00,-7.2752e-01,1.2297e-03,7.7997e-05
5.9063e+00,1.7195e+00,-7.2653e-01,1.2269e-03,7.7352e-05
5.9100e+00,1.7215e+00,-7.2554e-01,1.2240e-03,7.6709e-05
5.9138e+00,1.7235e+00,-7.2456e-01,1.2211e-03,7.6067e-05
5.9175e+00,1.7256e+00,-7.2357e-01,1.2182e-03,7.5427e-05
5.9213e+00,1.7276e+00,-7.2258e-01,1.2153e-03,7.4789e-05
5.9250e+00,1.7296e+00,-7.2159e-01,1.2124e-03,7.4153e-05
5.9288e+00,1.7316e+00,-7.2061e-01,1.2095e-03,7.3519e-05
5.9325e+00,1.7336e+00,-7.1962e-01,1.2066e-03,7.2887e-05
5.9363e+00,1.7356e+00,-7.1863e-01,1.2037e-03,7.2256e-05
5.9400e+00,1.7376e+00,-7.1764e-01,1.2008e-03,7.1627e-05
5.9438e+00,1.7396e+00,-7.1666e-01,1.1978e-03,7.1000e-05
5.9475e+00,1.7416e+00,-7.1567e-01,1.1949e-03,7.0376e-05
5.9513e+00,1.7436e+00,-7.1469e-01,1.1919e-03,6.9752e-05
5.9550e+00,1.7455e+00,-7.1370e-01,1.1890e-03,6.9131e-05
5.9588e+00,1.7475e+00,-7.1271e-01,1.1860e-03,6.8512e-05
5.9625e+00,1.7495e+00,-7.1173e-01,1.1830e-03,6.7895e-05
5.9663e+00,1.7515e+00,-7.1074e-01,1.1800e-03,6.7279e-05
5.9700e+00,1.7535e+00,-7.0976e-01,1.1770e-03,6.6665e-05
5.9738e+00,1.7555e+00,-7.0877e-01,1.1740e-03,6.6054e-05
5.9775e+00,1.7574e+00,-7.0779e-01,1.1710e-03,6.5444e-05
5.9813e+00,1.7594e+00,-7.0680e-01,1.1679e-03,6.4836e-05
5.9850e+00,1.7614e+00,-7.0582e-01,1.1649e-03,6.4230e-05
5.9888e+00,1.7633e+00,-7.0483e-01,1.1618e-03,6.3626e-05
5.9925e+00,1.7653e+00,-7.0385e-01,1.1588e-03,6.3024e-05
5.9963e+00,1.7672e+00,-7.0286e-01,1.1557e-03,6.2424e-05
6.0000e+00,1.7692e+00,-7.0188e-01,1.1526e-03,6.1825e-05
6.0038e+00,1.7712e+00,-7.0090e-01,1.1495e-03,6.1229e-05
6.0075e+00,1.7731e+00,-6.9991e-01,1.1464e-03,6.0635e-05
6.0113e+00,1.7751e+00,-6.9893e-01,1.1433e-03,6.0042e-05
6.0150e+00,1.7770e+00,-6.9795e-01,1.1402e-03,5.9452e-05
6.0188e+00,1.7789e+00,-6.9697e-01,1.1370e-03,5.8863e-05
6.0225e+00,1.7809e+00,-6.9598e-01,1.1339e-03,5.8277e-05
6.0263e+00,1.7828e+00,-6.9500e-01,1.1307e-03,5.7693e-05
6.0300e+00,1.7848e+00,-6.9402e-01,1.1275e-03,5.7110e-05
6.0338e+00,1.7867e+00,-6.9304e-01,1.1244e-03,5.6530e-05
6.0375e+00,1.7886e+00,-6.9206e-01,1.1212e-03,5.5951e-05
6.0413e+00,1.7905e+00,-6.9108e-01,1.1179e-03,5.5375e-05
6.0450e+00,1.7925e+00,-6.9009e-01,1.1147e-03,5.4800e-05
6.0488e+00,1.7944e+00,-6.8911e-01,1.1115e-03,5.4228e-05
6.0525e+00,1.7963e+00,-6.8813e-01,1.1082e-03,5.3657e-05
6.0563e+00,1.7982e+00,-6.8715e-01,1.1050e-03,5.3089e-05
6.0600e+00,1.8001e+00,-6.8617e-01,1.1017e-03,5.2522e-05
6.0638e+00,1.8020e+00,-6.8519e-01,1.0984e-03,5.1958e-05
6.0675e+00,1.8039e+00,-6.8422e-01,1.0951e-03,5.1396e-05
6.0713e+00,1.8058e+00,-6.8324e-01,1.0918e-03,5.0835e-05
6.0750e+00,1.8077e+00,-6.8226e-01,1.0885e-03,5.0277e-05
6.0788e+00,1.8096e+00,-6.8128e-01,1.0852e-03,4.9721e-05
6.0825e+00,1.8115e+00,-6.8030e-01,1.0818e-03,4.9167e-05
6.0863e+00,1.8134e+00,-6.7932e-01,1.0784e-03,4.8615e-05
6.0900e+00,1.8153e+00,-6.7835e-01,1.0751e-03,4.8065e-05
6.0938e+00,1.8171e+00,-6.7737e-01,1.0717e-03,4.7518e-05
6.0975e+00,1.8190e+00,-6.7639e-01,1.0683e-03,4.6972e-05
6.1013e+00,1.8209e+00,-6.7542e-01,1.0648e-03,4.6428e-05
6.1050e+00,1.8227e+00,-6.7444e-01,1.0614e-03,4.5887e-05
6.1088e+00,1.8246e+00,-6.7346e-01,1.0580e-03,4.5348e-05
6.1125e+00,1.8265e+00,-6.7249e-01,1.0545e-03,4.4810e-05
6.1163e+00,1.8283e+00,-6.7151e-01,1.0511e-03,4.4275e-05
6.1200e+00,1.8302e+00,-6.7054e-01,1.0477e-03,4.3742e-05
6.1238e+00,1.8320e+00,-6.6956e-01,1.0443e-03,4.3212e-05
6.1275e+00,1.8339e+00,-6.6859e-01,1.0409e-03,4.2683e-05
6.1313e+00,1.8357e+00,-6.6762e-01,1.0375e-03,4.2156e-05
6.1350e+00,1.8375e+00,-6.6664e-01,1.0340e-03,4.1632e-05
6.1388e+00,1.8394e+00,-6.6567e-01,1.0306e-03,4.1110e-05
6.1425e+00,1.8412e+00,-6.6470e-01,1.0272e-03,4.0589e-05
6.1463e+00,1.8430e+00,-6.6372e-01,1.0238e-03,4.0071e-05
6.1500e+00,1.8448e+00,-6.6275e-01,1.0203e-03,3.9555e-05
6.1538e+00,1.8467e+00,-6.6178e-01,1.0169e-03,3.9041e-05
6.1575e+00,1.8485e+00,-6.6081e-01,1.0135e-03,3.8529e-05
6.1613e+00,1.8503e+00,-6.5984e-01,1.0100e-03,3.8020e-05
6.1650e+00,1.8521e+00,-6.5887e-01,1.0065e-03,3.7512e-05
6.1688e+00,1.8539e+00,-6.5790e-01,1.0031e-03,3.7007e-05
6.1725e+00,1.8557e+00,-6.5693e-01,9.9958e-04,3.6504e-05
6.1763e+00,1.8575e+00,-6.5596e-01,9.9607e-04,3.6002e-05
6.1800e+00,1.8593e+00,-6.5499e-01,9.9255e-04,3.5503e-05
6.1838e+00,1.8610e+00,-6.5402e-01,9.8902e-04,3.5007e-05
6.1875e+00,1.8628e+00,-6.5305e-01,9.8546e-04,3.4512e-05
6.1913e+00,1.8646e+00,-6.5209e-01,9.8188e-04,3.4020e-05
6.1950e+00,1.8664e+00,-6.5112e-01,9.7828e-04,3.3529e-05
6.1988e+00,1.8681e+00,-6.5015e-01,9.7466e-04,3.3041e-05
6.2025e+00,1.8699e+00,-6.4919e-01,9.7101e-04,3.2555e-05
6.2063e+00,1.8717e+00,-6.4822e-01,9.6733e-04,3.2072e-05
6.2100e+00,1.8734e+00,-6.4726e-01,9.6362e-04,3.1590e-05
6.2138e+00,1.8752e+00,-6.4629e-01,9.5987e-04,3.1111e-05
6.2175e+00,1.8769e+00,-6.4533e-01,9.5609e-04,3.0634e-05
6.2213e+00,1.8786e+00,-6.4436e-01,9.5228e-04,3.0160e-05
6.2250e+00,1.8804e+00,-6.4340e-01,9.4842e-04,2.9687e-05
6.2288e+00,1.8821e+00,-6.4244e-01,9.4452e-04,2.9217e-05
6.2325e+00,1.8838e+00,-6.4147e-01,9.4058e-04,2.8750e-05
6.2363e+00,1.8856e+00,-6.4051e-01,9.3659e-04,2.8285e-05
6.2400e+00,1.8873e+00,-6.3955e-01,9.3255e-04,2.7822e-05
6.2438e+00,1.8890e+00,-6.3859e-01,9.2846e-04,2.7361e-05
6.2475e+00,1.8907e+00,-6.3763e-01,9.2430e-04,2.6903e-05
6.2513e+00,1.8924e+00,-6.3667e-01,9.2009e-04,2.6448e-05
6.2550e+00,1.8941e+00,-6.3571e-01,9.1582e-04,2.5994e-05
6.2588e+00,1.8958e+00,-6.3475e-01,9.1148e-04,2.5544e-05
6.2625e+00,1.8974e+00,-6.3379e-01,9.0707e-04,2.5096e-05
6.2663e+00,1.8991e+00,-6.3283e-01,9.0258e-04,2.4650e-05
6.2700e+00,1.9008e+00,-6.3187e-01,8.9802e-04,2.4208e-05
6.2738e+00,1.9024e+00,-6.3092e-01,8.9338e-04,2.3768e-05
6.2775e+00,1.9041e+00,-6.2996e-01,8.8865e-04,2.3330e-05
6.2813e+00,1.9057e+00,-6.2900e-01,8.8383e-04,2.2895e-05
6.2850e+00,1.9074e+00,-6.2805e-01,8.7891e-04,2.2463e-05
6.2888e+00,1.9090e+00,-6.2709e-01,8.7390e-04,2.2034e-05
6.2925e+00,1.9106e+00,-6.2614e-01,8.6878e-04,2.1608e-05
6.2963e+00,1.9122e+00,-6.2518e-01,8.6355e-04,2.1185e-05
6.3000e+00,1.9139e+00,-6.2423e-01,8.5821e-04,2.0764e-05
6.3038e+00,1.9155e+00,-6.2328e-01,8.5275e-04,2.0347e-05
6.3075e+00,1.9171e+00,-6.2233e-01,8.4717e-04,1.9933e-05
6.3113e+00,1.9186e+00,-6.2138e-01,8.4146e-04,1.9522e-05
6.3150e+00,1.9202e+00,-6.2042e-01,8.3559e-04,1.9114e-05
6.3188e+00,1.9218e+00,-6.1947e-01,8.2951e-04,1.8710e-05
6.3225e+00,1.9233e+00,-6.1852e-01,8.2321e-04,1.8308e-05
6.3263e+00,1.9249e+00,-6.1758e-01,8.1670e-04,1.7911e-05
6.3300e+00,1.9264e+00,-6.1663e-01,8.0999e-04,1.7516e-05
6.3338e+00,1.9279e+00,-6.1568e-01,8.0310e-04,1.7126e-05
6.3375e+00,1.9294e+00,-6.1473e-01,7.9603e-04,1.6739e-05
6.3413e+00,1.9309e+00,-6.1379e-01,7.8879e-04,1.6356e-05
6.3450e+00,1.9324e+00,-6.1284e-01,7.8140e-04,1.5977e-05
6.3488e+00,1.9339e+00,-6.1189e-01,7.7388e-04,1.5602e-05
6.3525e+00,1.9354e+00,-6.1095e-01,7.6622e-04,1.5232e-05
6.3563e+00,1.9368e+00,-6.1001e-01,7.5846e-04,1.4865e-05
6.3600e+00,1.9383e+00,-6.0906e-01,7.5060e-04,1.4502e-05
6.3638e+00,1.9397e+00,-6.0812e-01,7.4266e-04,1.4144e-05
6.3675e+00,1.9411e+00,-6.0718e-01,7.3465e-04,1.3789e-05
6.3713e+00,1.9425e+00,-6.0624e-01,7.2659e-04,1.3439e-05
6.3750e+00,1.9439e+00,-6.0530e-01,7.1850e-04,1.3093e-05
6.3788e+00,1.9452e+00,-6.0436e-01,7.1039e-04,1.2752e-05
6.3825e+00,1.9466e+00,-6.0342e-01,7.0228e-04,1.2414e-05
6.3863e+00,1.9479e+00,-6.0248e-01,6.9419e-04,1.2081e-05
6.3900e+00,1.9493e+00,-6.0155e-01,6.8614e-04,1.1752e-05
6.3938e+00,1.9506e+00,-6.0061e-01,6.7815e-04,1.1428e-05
6.3975e+00,1.9519e+00,-5.9968e-01,6.7023e-04,1.1107e-05
6.4013e+00,1.9532e+00,-5.9874e-01,6.6241e-04,1.0791e-05
6.4050e+00,1.9544e+00,-5.9781e-01,6.5460e-04,1.0478e-05
6.4088e+00,1.9557e+00,-5.9687e-01,6.4677e-04,1.0170e-05
6.4125e+00,1.9569e+00,-5.9594e-01,6.3890e-04,9.8661e-06
6.4163e+00,1.9582e+00,-5.9501e-01,6.3099e-04,9.5660e-06
6.4200e+00,1.9594e+00,-5.9408e-01,6.2305e-04,9.2701e-06
6.4238e+00,1.9606e+00,-5.9315e-01,6.1507e-04,8.9783e-06
6.4275e+00,1.9618e+00,-5.9222e-01,6.0706e-04,8.6906e-06
6.4313e+00,1.9630e+00,-5.9130e-01,5.9901e-04,8.4070e-06
6.4350e+00,1.9641e+00,-5.9037e-01,5.9091e-04,8.1276e-06
6.4388e+00,1.9653e+00,-5.8945e-01,5.8278e-04,7.8524e-06
6.4425e+00,1.9664e+00,-5.8852e-01,5.7460e-04,7.5813e-06
6.4463e+00,1.9675e+00,-5.8760e-01,5.6638e-04,7.3145e-06
6.4500e+00,1.9686e+00,-5.8668e-01,5.5812e-04,7.0518e-06
6.4538e+00,1.9697e+00,-5.8575e-01,5.4980e-04,6.7934e-06
6.4575e+00,1.9708e+00,-5.8483e-01,5.4144e-04,6.5392e-06
6.4613e+00,1.9718e+00,-5.8391e-01,5.3303e-04,6.2893e-06
6.4650e+00,1.9729e+00,-5.8300e-01,5.2457e-04,6.0436e-06
6.4688e+00,1.9739e+00,-5.8208e-01,5.1605e-04,5.8022e-06
6.4725e+00,1.9749e+00,-5.8116e-01,5.0748e-04,5.5651e-06
6.4763e+00,1.9759e+00,-5.8025e-01,4.9885e-04,5.3324e-06
6.4800e+00,1.9769e+00,-5.7933e-01,4.9017e-04,5.1039e-06
6.4838e+00,1.9778e+00,-5.7842e-01,4.8142e-04,4.8798e-06
6.4875e+00,1.9788e+00,-5.7751e-01,4.7261e-04,4.6601e-06
6.4913e+00,1.9797e+00,-5.7660e-01,4.6373e-04,4.4448e-06
6.4950e+00,1.9806e+00,-5.7569e-01,4.5479e-04,4.2339e-06
6.4988e+00,1.9815e+00,-5.7478e-01,4.4577e-04,4.0274e-06
6.5025e+00,1.9824e+00,-5.7387e-01,4.3668e-04,3.8254e-06
6.5063e+00,1.9833e+00,-5.7296e-01,4.2750e-04,3.6279e-06
6.5100e+00,1.9841e+00,-5.7206e-01,4.1825e-04,3.4349e-06
6.5138e+00,1.9849e+00,-5.7115e-01,4.0897e-04,3.2464e-06
6.5175e+00,1.9857e+00,-5.7025e-01,3.9977e-04,3.0624e-06
6.5213e+00,1.9865e+00,-5.6935e-01,3.9056e-04,2.8829e-06
6.5250e+00,1.9873e+00,-5.6845e-01,3.8128e-04,2.7079e-06
6.5288e+00,1.9881e+00,-5.6755e-01,3.7184e-04,2.5374e-06
6.5325e+00,1.9888e+00,-5.6665e-01,3.6213e-04,2.3715e-06
6.5363e+00,1.9895e+00,-5.6575e-01,3.5205e-04,2.2103e-06
6.5400e+00,1.9902e+00,-5.6486e-01,3.4149e-04,2.0540e-06
6.5438e+00,1.9909e+00,-5.6396e-01,3.3031e-04,1.9029e-06
6.5475e+00,1.9916e+00,-5.6307e-01,3.1866e-04,1.7572e-06
6.5513e+00,1.9922e+00,-5.6218e-01,3.0665e-04,1.6170e-06
6.5550e+00,1.9928e+00,-5.6129e-01,2.9403e-04,1.4826e-06
6.5588e+00,1.9934e+00,-5.6040e-01,2.8058e-04,1.3542e-06
6.5625e+00,1.9939e+00,-5.5951e-01,2.6606e-04,1.2323e-06
6.5663e+00,1.9945e+00,-5.5863e-01,2.4978e-04,1.1174e-06
6.5700e+00,1.9949e+00,-5.5774e-01,2.3159e-04,1.0104e-06
6.5738e+00,1.9954e+00,-5.5686e-01,2.1374e-04,9.1165e-07
6.5775e+00,1.9958e+00,-5.5598e-01,1.9763e-04,8.2060e-07
6.5813e+00,1.9962e+00,-5.5510e-01,1.8245e-04,7.3661e-07
6.5850e+00,1.9966e+00,-5.5422e-01,1.6808e-04,6.5929e-07
6.5888e+00,1.9969e+00,-5.5334e-01,1.5449e-04,5.8827e-07
6.5925e+00,1.9972e+00,-5.5246e-01,1.4166e-04,5.2319e-07
6.5963e+00,1.9975e+00,-5.5159e-01,1.2956e-04,4.6370e-07
6.6000e+00,1.9977e+00,-5.5071e-01,1.1817e-04,4.0946e-07
6.6038e+00,1.9980e+00,-5.4984e-01,1.0747e-04,3.6016e-07
6.6075e+00,1.9982e+00,-5.4897e-01,9.7445e-05,3.1547e-07
6.6113e+00,1.9984e+00,-5.4811e-01,8.8062e-05,2.7509e-07
6.6150e+00,1.9985e+00,-5.4724e-01,7.9301e-05,2.3874e-07
6.6188e+00,1.9987e+00,-5.4637e-01,7.1143e-05,2.0613e-07
6.6225e+00,1.9988e+00,-5.4551e-01,6.3563e-05,1.7699e-07
6.6263e+00,1.9989e+00,-5.4465e-01,5.6542e-05,1.5106e-07
6.6300e+00,1.9991e+00,-5.4379e-01,5.0056e-05,1.2809e-07
6.6338e+00,1.9992e+00,-5.4293e-01,4.4082e-05,1.0785e-07
6.6375e+00,1.9992e+00,-5.4207e-01,3.8601e-05,9.0110e-08
6.6413e+00,1.9993e+00,-5.4122e-01,3.3592e-05,7.4654e-08
6.6450e+00,1.9994e+00,-5.4036e-01,2.9033e-05,6.1274e-08
6.6488e+00,1.9994e+00,-5.3951e-01,2.4902e-05,4.9777e-08
6.6525e+00,1.9995e+00,-5.3866e-01,2.1179e-05,3.9974e-08
6.6563e+00,1.9995e+00,-5.3781e-01,1.7843e-05,3.1692e-08
6.6600e+00,1.9996e+00,-5.3696e-01,1.4873e-05,2.4764e-08
6.6638e+00,1.9996e+00,-5.3612e-01,1.2247e-05,1.9034e-08
6.6675e+00,1.9996e+00,-5.3528e-01,9.9457e-06,1.4357e-08
6.6713e+00,1.9996e+00,-5.3443e-01,7.9473e-06,1.0594e-08
6.6750e+00,1.9996e+00,-5.3359e-01,6.2346e-06,7.6202e-09
6.6788e+00,1.9997e+00,-5.3275e-01,4.7785e-06,5
